INVENTORY_YEAR,INVENTORY_MONTH,PRODUCT_NUMBER,INVENTORY_COUNT
2021,4,48,1932,
2021,4,49,1400,
2021,4,50,21705,
2021,4,51,9710,
2021,4,52,5616,
2021,4,53,7060,
2021,4,54,6943,
2021,4,55,4432,
2021,4,56,14188,
2021,4,57,1599,
2021,4,58,1645,
2021,4,59,749,
2021,4,60,8419,
2021,4,61,7175,
2021,4,62,2428,
2021,4,63,2091,
2021,4,64,4175,
2021,4,65,1754,
2021,4,66,576,
2021,4,67,1354,
2021,4,68,1576,
2021,4,69,609,
2021,4,70,803,
2021,4,71,1009,
2021,4,72,1009,
2021,4,73,1508,
2021,4,74,2690,
2021,4,75,2416,
2021,4,76,1938,
2021,4,77,2354,
2021,4,78,1073,
2021,4,79,733,
2021,4,80,889,
2021,4,81,573,
2021,4,82,2075,
2021,4,83,2034,
2021,4,84,-183,
2021,4,85,1390,
2021,4,86,17366,
2021,4,87,19789,
2021,4,88,18456,
2021,4,89,21414,
2021,4,90,29722,
2021,4,91,14100,
2021,4,92,6273,
2021,4,93,17880,
2021,4,94,26290,
2021,4,95,20552,
2021,4,96,3404,
2021,4,97,1375,
2021,4,98,9473,
2021,4,99,4885,
2021,4,100,11760,
2021,4,101,985,
2021,4,102,592,
2021,4,103,860,
2021,4,104,833,
2021,4,105,699,
2021,4,106,609,
2021,4,107,869,
2021,4,108,904,
2021,4,109,4337,
2021,4,110,813,
2021,4,111,662,
2021,4,112,3610,
2021,4,113,4663,
2021,4,114,736,
2021,4,115,2766,
2021,5,1,3087,
2021,5,2,5156,
2021,5,3,4422,
2021,5,4,5786,
2021,5,5,1466,
2021,5,6,1102,
2021,5,7,3075,
2021,5,8,2733,
2021,5,9,2393,
2021,5,10,2336,
2021,5,11,528,
2021,5,12,996,
2021,5,13,1058,
2021,5,14,2816,
2021,5,15,820,
2021,5,16,36712,
2021,5,17,4192,
2021,5,18,2994,
2021,5,19,2263,
2021,5,20,2531,
2021,5,21,2567,
2021,5,22,753,
2021,5,23,737,
2021,5,24,2456,
2021,5,25,1995,
2021,5,26,1896,
2021,5,27,1938,
2021,5,28,1909,
2021,5,29,2944,
2021,5,30,3088,
2021,5,31,3328,
2021,5,32,8827,
2021,5,33,9951,
2021,5,34,6282,
2021,5,35,5405,
2021,5,36,7031,
2021,5,37,3587,
2021,5,38,2069,
2021,5,39,4174,
2021,5,40,6908,
2021,5,41,2425,
2021,5,42,3139,
2021,5,43,6445,
2021,5,44,5530,
2021,5,45,1630,
2021,5,46,1792,
2021,5,47,5737,
2021,5,48,1978,
2021,5,49,1288,
2021,5,50,20355,
2021,5,51,9930,
2021,5,52,5840,
2021,5,53,7510,
2021,5,54,7235,
2021,5,55,4722,
2021,5,56,13708,
2021,5,57,1685,
2021,5,58,1879,
2021,5,59,1005,
2021,5,60,10175,
2021,5,61,7251,
2021,5,62,2816,
2021,5,63,2403,
2021,5,64,4679,
2021,5,65,2386,
2021,5,66,680,
2021,5,67,1530,
2021,5,68,1690,
2021,5,69,709,
2021,5,70,901,
2021,5,71,1073,
2021,5,72,1061,
2021,5,73,1878,
2021,5,74,2758,
2021,5,75,2446,
2021,5,76,2474,
2021,5,77,2600,
2021,5,78,997,
2021,5,79,873,
2021,5,80,1075,
2021,5,81,723,
2021,5,82,2463,
2021,5,83,2266,
2021,5,84,-57,
2021,5,85,1472,
2021,5,86,16850,
2021,5,87,19155,
2021,5,88,17754,
2021,5,89,20090,
2021,5,90,28170,
2021,5,91,12556,
2021,5,92,5877,
2021,5,93,16910,
2021,5,94,24676,
2021,5,95,18706,
2021,5,96,3298,
2021,5,97,1287,
2021,5,98,9037,
2021,5,99,4279,
2021,5,100,11200,
2021,5,101,941,
2021,5,102,698,
2021,5,103,810,
2021,5,104,789,
2021,5,105,713,
2021,5,106,645,
2021,5,107,829,
2021,5,108,884,
2021,5,109,4035,
2021,5,110,597,
2021,5,111,556,
2021,5,112,3466,
2021,5,113,4199,
2021,5,114,706,
2021,5,115,2598,
2021,6,1,2693,
2021,6,2,4046,
2021,6,3,4738,
2021,6,4,6976,
2021,6,5,2274,
2021,6,6,1004,
2021,6,7,2907,
2021,6,8,2141,
2021,6,9,1901,
2021,6,10,6052,
2021,6,11,654,
2021,6,12,1066,
2021,6,13,1106,
2021,6,14,3104,
2021,6,15,600,
2021,6,16,34978,
2021,6,17,3958,
2021,6,18,3228,
2021,6,19,2159,
2021,6,20,2053,
2021,6,21,2425,
2021,6,22,1385,
2021,6,23,683,
2021,6,24,2524,
2021,6,25,2103,
2021,6,26,2036,
2021,6,27,1960,
2021,6,28,2055,
2021,6,29,4498,
2021,6,30,2582,
2021,6,31,4998,
2021,6,32,13277,
2021,6,33,7995,
2021,6,34,11878,
2021,6,35,8151,
2021,6,36,6007,
2021,6,37,3333,
2021,6,38,1721,
2021,6,39,3484,
2021,6,40,11762,
2021,6,41,4431,
2021,6,42,3065,
2021,6,43,6133,
2021,6,44,5144,
2021,6,45,1528,
2021,6,46,1810,
2021,6,47,5615,
2021,6,48,2102,
2021,6,49,1160,
2021,6,50,26603,
2021,6,51,9530,
2021,6,52,5804,
2021,6,53,7482,
2021,6,54,7479,
2021,6,55,4638,
2021,6,56,13022,
2021,6,57,1703,
2021,6,58,1807,
2021,6,59,1015,
2021,6,60,9335,
2021,6,61,7213,
2021,6,62,2688,
2021,6,63,2341,
2021,6,64,4759,
2021,6,65,2460,
2021,6,66,674,
2021,6,67,1484,
2021,6,68,1452,
2021,6,69,823,
2021,6,70,849,
2021,6,71,1061,
2021,6,72,1037,
2021,6,73,2150,
2021,6,74,2926,
2021,6,75,2558,
2021,6,76,2336,
2021,6,77,2836,
2021,6,78,813,
2021,6,79,875,
2021,6,80,1101,
2021,6,81,669,
2021,6,82,2575,
2021,6,83,2280,
2021,6,84,-297,
2021,6,85,1568,
2021,6,86,14688,
2021,6,87,17797,
2021,6,88,15464,
2021,6,89,17928,
2021,6,90,25234,
2021,6,91,10842,
2021,6,92,5449,
2021,6,93,14198,
2021,6,94,22576,
2021,6,95,16452,
2021,6,96,3060,
2021,6,97,1671,
2021,6,98,8055,
2021,6,99,3945,
2021,6,100,10218,
2021,6,101,901,
2021,6,102,664,
2021,6,103,756,
2021,6,104,719,
2021,6,105,577,
2021,6,106,533,
2021,6,107,709,
2021,6,108,794,
2021,6,109,3309,
2021,6,110,695,
2021,6,111,638,
2021,6,112,2670,
2021,6,113,6511,
2021,6,114,656,
2021,6,115,1640,
2021,7,1,4111,
2021,7,2,6838,
2021,7,3,4154,
2021,7,4,5612,
2021,7,5,1954,
2021,7,6,962,
2021,7,7,2435,
2021,7,8,1903,
2021,7,9,1713,
2021,7,10,5836,
2021,7,11,762,
2021,7,12,1376,
2021,7,13,1404,
2021,7,14,3100,
2021,7,15,684,
2021,7,16,34376,
2021,7,17,4078,
2021,7,18,3640,
2021,7,19,2529,
2021,7,20,1681,
2021,7,21,2109,
2021,7,22,1293,
2021,7,23,943,
2021,7,24,2896,
2021,7,25,2503,
2021,7,26,2044,
2021,7,27,2206,
2021,7,28,2181,
2021,7,29,4204,
2021,7,30,2286,
2021,7,31,4432,
2021,7,32,11789,
2021,7,33,6193,
2021,7,34,9946,
2021,7,35,7349,
2021,7,36,10093,
2021,7,37,4891,
2021,7,38,2511,
2021,7,39,5396,
2021,7,40,10748,
2021,7,41,4207,
2021,7,42,3221,
2021,7,43,6029,
2021,7,44,5214,
2021,7,45,1642,
2021,7,46,1976,
2021,7,47,5771,
2021,7,48,2182,
2021,7,49,1044,
2021,7,50,25221,
2021,7,51,9914,
2021,7,52,6040,
2021,7,53,7392,
2021,7,54,7717,
2021,7,55,5064,
2021,7,56,12540,
2021,7,57,1747,
2021,7,58,1991,
2021,7,59,1193,
2021,7,60,10951,
2021,7,61,7445,
2021,7,62,2962,
2021,7,63,2281,
2021,7,64,5219,
2021,7,65,2704,
2021,7,66,794,
2021,7,67,1588,
2021,7,68,1610,
2021,7,69,963,
2021,7,70,959,
2021,7,71,1081,
2021,7,72,1135,
2021,7,73,2384,
2021,7,74,2512,
2021,7,75,2724,
2021,7,76,2414,
2021,7,77,2868,
2021,7,78,969,
2021,7,79,823,
2021,7,80,1213,
2021,7,81,525,
2021,7,82,2733,
2021,7,83,2508,
2021,7,84,733,
2021,7,85,1674,
2021,7,86,19364,
2021,7,87,23343,
2021,7,88,20070,
2021,7,89,19840,
2021,7,90,27758,
2021,7,91,12332,
2021,7,92,5883,
2021,7,93,18740,
2021,7,94,26988,
2021,7,95,22414,
2021,7,96,2716,
2021,7,97,1527,
2021,7,98,8761,
2021,7,99,6361,
2021,7,100,8862,
2021,7,101,1021,
2021,7,102,780,
2021,7,103,716,
2021,7,104,707,
2021,7,105,717,
2021,7,106,591,
2021,7,107,697,
2021,7,108,754,
2021,7,109,3067,
2021,7,110,539,
2021,7,111,586,
2021,7,112,2234,
2021,7,113,6227,
2021,7,114,630,
2021,7,115,1074,
2021,8,1,5051,
2021,8,2,6222,
2021,8,3,5554,
2021,8,4,4402,
2021,8,5,1724,
2021,8,6,876,
2021,8,7,2257,
2021,8,8,4065,
2021,8,9,1539,
2021,8,10,5350,
2021,8,11,920,
2021,8,12,1336,
2021,8,13,1650,
2021,8,14,3582,
2021,8,15,856,
2021,8,16,32604,
2021,8,17,4288,
2021,8,18,3806,
2021,8,19,3017,
2021,8,20,3553,
2021,8,21,4489,
2021,8,22,1205,
2021,8,23,831,
2021,8,24,2064,
2021,8,25,2739,
2021,8,26,2210,
2021,8,27,2352,
2021,8,28,2451,
2021,8,29,3762,
2021,8,30,3944,
2021,8,31,4006,
2021,8,32,10297,
2021,8,33,11819,
2021,8,34,9050,
2021,8,35,6697,
2021,8,36,8881,
2021,8,37,4471,
2021,8,38,2249,
2021,8,39,4956,
2021,8,40,9976,
2021,8,41,3951,
2021,8,42,3399,
2021,8,43,6259,
2021,8,44,5598,
2021,8,45,1666,
2021,8,46,2084,
2021,8,47,5995,
2021,8,48,2358,
2021,8,49,1542,
2021,8,50,23485,
2021,8,51,10296,
2021,8,52,6104,
2021,8,53,7720,
2021,8,54,7935,
2021,8,55,5498,
2021,8,56,12330,
2021,8,57,1893,
2021,8,58,2235,
2021,8,59,1239,
2021,8,60,10411,
2021,8,61,7921,
2021,8,62,3520,
2021,8,63,2497,
2021,8,64,5691,
2021,8,65,3206,
2021,8,66,974,
2021,8,67,1670,
2021,8,68,1972,
2021,8,69,1089,
2021,8,70,1145,
2021,8,71,1159,
2021,8,72,1363,
2021,8,73,2486,
2021,8,74,3020,
2021,8,75,2770,
2021,8,76,2708,
2021,8,77,3302,
2021,8,78,1207,
2021,8,79,861,
2021,8,80,1371,
2021,8,81,673,
2021,8,82,3119,
2021,8,83,2716,
2021,8,84,1137,
2021,8,85,1828,
2021,8,86,17424,
2021,8,87,22251,
2021,8,88,17326,
2021,8,89,18140,
2021,8,90,25616,
2021,8,91,11240,
2021,8,92,5459,
2021,8,93,16926,
2021,8,94,22822,
2021,8,95,20806,
2021,8,96,2500,
2021,8,97,1441,
2021,8,98,8127,
2021,8,99,5885,
2021,8,100,8000,
2021,8,101,1129,
2021,8,102,892,
2021,8,103,674,
2021,8,104,681,
2021,8,105,907,
2021,8,106,705,
2021,8,107,683,
2021,8,108,740,
2021,8,109,2831,
2021,8,110,1281,
2021,8,111,740,
2021,8,112,1910,
2021,8,113,6003,
2021,8,114,596,
2021,8,115,4864,
2021,9,1,6171,
2021,9,2,4830,
2021,9,3,3970,
2021,9,4,8320,
2021,9,5,2562,
2021,9,6,1294,
2021,9,7,3827,
2021,9,8,3619,
2021,9,9,1269,
2021,9,10,4820,
2021,9,11,908,
2021,9,12,1374,
2021,9,13,1630,
2021,9,14,2998,
2021,9,15,828,
2021,9,16,30568,
2021,9,17,4552,
2021,9,18,3172,
2021,9,19,3441,
2021,9,20,3089,
2021,9,21,4327,
2021,9,22,1061,
2021,9,23,739,
2021,9,24,2450,
2021,9,25,3079,
2021,9,26,2130,
2021,9,27,2530,
2021,9,28,2567,
2021,9,29,5474,
2021,9,30,3384,
2021,9,31,6324,
2021,9,32,14937,
2021,9,33,10561,
2021,9,34,14010,
2021,9,35,9529,
2021,9,36,7531,
2021,9,37,3653,
2021,9,38,1961,
2021,9,39,4256,
2021,9,40,7570,
2021,9,41,3559,
2021,9,42,3551,
2021,9,43,6445,
2021,9,44,5464,
2021,9,45,1762,
2021,9,46,2212,
2021,9,47,6321,
2021,9,48,2256,
2021,9,49,1434,
2021,9,50,29783,
2021,9,51,10580,
2021,9,52,6218,
2021,9,53,7644,
2021,9,54,7805,
2021,9,55,5784,
2021,9,56,12054,
2021,9,57,1745,
2021,9,58,2485,
2021,9,59,1429,
2021,9,60,9529,
2021,9,61,8217,
2021,9,62,3814,
2021,9,63,2635,
2021,9,64,5759,
2021,9,65,3014,
2021,9,66,948,
2021,9,67,1492,
2021,9,68,1836,
2021,9,69,1141,
2021,9,70,1251,
2021,9,71,1135,
2021,9,72,1531,
2021,9,73,2646,
2021,9,74,3278,
2021,9,75,2776,
2021,9,76,3570,
2021,9,77,2820,
2021,9,78,1225,
2021,9,79,845,
2021,9,80,1199,
2021,9,81,823,
2021,9,82,3233,
2021,9,83,2740,
2021,9,84,1211,
2021,9,85,1866,
2021,9,86,15840,
2021,9,87,21035,
2021,9,88,16672,
2021,9,89,16710,
2021,9,90,23920,
2021,9,91,10850,
2021,9,92,5337,
2021,9,93,16030,
2021,9,94,21528,
2021,9,95,19716,
2021,9,96,2440,
2021,9,97,1593,
2021,9,98,7799,
2021,9,99,5585,
2021,9,100,6928,
2021,9,101,1215,
2021,9,102,892,
2021,9,103,572,
2021,9,104,635,
2021,9,105,973,
2021,9,106,759,
2021,9,107,647,
2021,9,108,700,
2021,9,109,2421,
2021,9,110,895,
2021,9,111,644,
2021,9,112,1552,
2021,9,113,5473,
2021,9,114,546,
2021,9,115,4440,
2021,10,1,4937,
2021,10,2,6812,
2021,10,3,4416,
2021,10,4,6244,
2021,10,5,1882,
2021,10,6,1142,
2021,10,7,3191,
2021,10,8,2427,
2021,10,9,2493,
2021,10,10,3744,
2021,10,11,730,
2021,10,12,1204,
2021,10,13,1338,
2021,10,14,2732,
2021,10,15,720,
2021,10,16,27282,
2021,10,17,3554,
2021,10,18,2738,
2021,10,19,2931,
2021,10,20,2399,
2021,10,21,3593,
2021,10,22,735,
2021,10,23,963,
2021,10,24,1746,
2021,10,25,2661,
2021,10,26,1938,
2021,10,27,2320,
2021,10,28,1857,
2021,10,29,4398,
2021,10,30,2702,
2021,10,31,4928,
2021,10,32,11443,
2021,10,33,7481,
2021,10,34,11312,
2021,10,35,8279,
2021,10,36,10319,
2021,10,37,4173,
2021,10,38,2149,
2021,10,39,5332,
2021,10,40,10796,
2021,10,41,2965,
2021,10,42,3109,
2021,10,43,5879,
2021,10,44,4744,
2021,10,45,1740,
2021,10,46,2146,
2021,10,47,6011,
2021,10,48,1960,
2021,10,49,1206,
2021,10,50,26861,
2021,10,51,9596,
2021,10,52,5320,
2021,10,53,6872,
2021,10,54,7305,
2021,10,55,4762,
2021,10,56,11094,
2021,10,57,1299,
2021,10,58,1885,
2021,10,59,841,
2021,10,60,10455,
2021,10,61,7661,
2021,10,62,2776,
2021,10,63,2185,
2021,10,64,3971,
2021,10,65,2398,
2021,10,66,744,
2021,10,67,560,
2021,10,68,1472,
2021,10,69,1035,
2021,10,70,1089,
2021,10,71,1147,
2021,10,72,1211,
2021,10,73,1694,
2021,10,74,1784,
2021,10,75,2130,
2021,10,76,3362,
2021,10,77,2230,
2021,10,78,511,
2021,10,79,381,
2021,10,80,941,
2021,10,81,555,
2021,10,82,2395,
2021,10,83,2022,
2021,10,84,759,
2021,10,85,1384,
2021,10,86,12006,
2021,10,87,20079,
2021,10,88,15920,
2021,10,89,15900,
2021,10,90,22594,
2021,10,91,10556,
2021,10,92,5165,
2021,10,93,15602,
2021,10,94,20258,
2021,10,95,18032,
2021,10,96,2382,
2021,10,97,1529,
2021,10,98,7747,
2021,10,99,5343,
2021,10,100,5728,
2021,10,101,993,
2021,10,102,774,
2021,10,103,404,
2021,10,104,559,
2021,10,105,793,
2021,10,106,621,
2021,10,107,527,
2021,10,108,600,
2021,10,109,1701,
2021,10,110,945,
2021,10,111,628,
2021,10,112,308,
2021,10,113,4417,
2021,10,114,384,
2021,10,115,3062,
2021,11,1,6935,
2021,11,2,5114,
2021,11,3,3862,
2021,11,4,5336,
2021,11,5,1528,
2021,11,6,1042,
2021,11,7,3015,
2021,11,8,2157,
2021,11,9,2179,
2021,11,10,3268,
2021,11,11,784,
2021,11,12,1222,
2021,11,13,1790,
2021,11,14,2872,
2021,11,15,960,
2021,11,16,26424,
2021,11,17,3854,
2021,11,18,2986,
2021,11,19,3557,
2021,11,20,2237,
2021,11,21,3171,
2021,11,22,675,
2021,11,23,853,
2021,11,24,2300,
2021,11,25,3031,
2021,11,26,2202,
2021,11,27,2584,
2021,11,28,2321,
2021,11,29,4038,
2021,11,30,2530,
2021,11,31,4608,
2021,11,32,9781,
2021,11,33,14309,
2021,11,34,10490,
2021,11,35,7441,
2021,11,36,9861,
2021,11,37,4053,
2021,11,38,2067,
2021,11,39,4974,
2021,11,40,9262,
2021,11,41,2673,
2021,11,42,3263,
2021,11,43,6177,
2021,11,44,5092,
2021,11,45,1920,
2021,11,46,2348,
2021,11,47,6501,
2021,11,48,2032,
2021,11,49,1120,
2021,11,50,26315,
2021,11,51,10322,
2021,11,52,5470,
2021,11,53,7134,
2021,11,54,7777,
2021,11,55,5600,
2021,11,56,10918,
2021,11,57,1785,
2021,11,58,2363,
2021,11,59,1137,
2021,11,60,9925,
2021,11,61,8369,
2021,11,62,3442,
2021,11,63,2657,
2021,11,64,4763,
2021,11,65,2740,
2021,11,66,860,
2021,11,67,776,
2021,11,68,1988,
2021,11,69,1131,
2021,11,70,1263,
2021,11,71,1447,
2021,11,72,1483,
2021,11,73,2564,
2021,11,74,2434,
2021,11,75,2834,
2021,11,76,4868,
2021,11,77,2724,
2021,11,78,733,
2021,11,79,401,
2021,11,80,1261,
2021,11,81,753,
2021,11,82,2709,
2021,11,83,2278,
2021,11,84,951,
2021,11,85,1642,
2021,11,86,11576,
2021,11,87,19731,
2021,11,88,15738,
2021,11,89,15686,
2021,11,90,22238,
2021,11,91,10372,
2021,11,92,5095,
2021,11,93,15378,
2021,11,94,20064,
2021,11,95,17698,
2021,11,96,2332,
2021,11,97,1457,
2021,11,98,7677,
2021,11,99,5171,
2021,11,100,5498,
2021,11,101,1075,
2021,11,102,850,
2021,11,103,382,
2021,11,104,511,
2021,11,105,891,
2021,11,106,711,
2021,11,107,453,
2021,11,108,550,
2021,11,109,1429,
2021,11,110,751,
2021,11,111,540,
2021,11,112,7150,
2021,11,113,4141,
2021,11,114,290,
2021,11,115,2726,
2021,12,1,6729,
2021,12,2,4528,
2021,12,3,5082,
2021,12,4,9796,
2021,12,5,2542,
2021,12,6,982,
2021,12,7,2805,
2021,12,8,1945,
2021,12,9,2117,
2021,12,10,2974,
2021,12,11,766,
2021,12,12,1382,
2021,12,13,1810,
2021,12,14,2744,
2021,12,15,1108,
2021,12,16,24900,
2021,12,17,3870,
2021,12,18,3246,
2021,12,19,3857,
2021,12,20,1839,
2021,12,21,3019,
2021,12,22,613,
2021,12,23,745,
2021,12,24,2852,
2021,12,25,3503,
2021,12,26,2428,
2021,12,27,2550,
2021,12,28,2929,
2021,12,29,6398,
2021,12,30,4156,
2021,12,31,7324,
2021,12,32,14235,
2021,12,33,13923,
2021,12,34,16676,
2021,12,35,10679,
2021,12,36,9621,
2021,12,37,3703,
2021,12,38,1809,
2021,12,39,4748,
2021,12,40,8384,
2021,12,41,2457,
2021,12,42,3425,
2021,12,43,6357,
2021,12,44,5404,
2021,12,45,2080,
2021,12,46,2494,
2021,12,47,6631,
2021,12,48,2174,
2021,12,49,1664,
2021,12,50,34051,
2021,12,51,10868,
2021,12,52,5646,
2021,12,53,7378,
2021,12,54,8337,
2021,12,55,6390,
2021,12,56,10332,
2021,12,57,2251,
2021,12,58,2717,
2021,12,59,1343,
2021,12,60,11749,
2021,12,61,8829,
2021,12,62,4202,
2021,12,63,3049,
2021,12,64,6003,
2021,12,65,2948,
2021,12,66,932,
2021,12,67,1124,
2021,12,68,2218,
2021,12,69,1267,
2021,12,70,1451,
2021,12,71,1765,
2021,12,72,1771,
2021,12,73,3542,
2021,12,74,3292,
2021,12,75,3586,
2021,12,76,6540,
2021,12,77,3072,
2021,12,78,889,
2021,12,79,547,
2021,12,80,1327,
2021,12,81,939,
2021,12,82,3069,
2021,12,83,2362,
2021,12,84,1195,
2021,12,85,1624,
2021,12,86,11284,
2021,12,87,19731,
2021,12,88,15362,
2021,12,89,15364,
2021,12,90,21124,
2021,12,91,10098,
2021,12,92,4967,
2021,12,93,14606,
2021,12,94,19716,
2021,12,95,17402,
2021,12,96,2312,
2021,12,97,1421,
2021,12,98,7605,
2021,12,99,5043,
2021,12,100,5078,
2021,12,101,1221,
2021,12,102,1010,
2021,12,103,350,
2021,12,104,497,
2021,12,105,957,
2021,12,106,887,
2021,12,107,409,
2021,12,108,500,
2021,12,109,1161,
2021,12,110,1343,
2021,12,111,736,
2021,12,112,6764,
2021,12,113,3839,
2021,12,114,246,
2021,12,115,2462,
2022,1,1,6985,
2022,1,2,7862,
2022,1,3,4628,
2022,1,4,9386,
2022,1,5,2232,
2022,1,6,904,
2022,1,7,2627,
2022,1,8,1383,
2022,1,9,1885,
2022,1,10,6984,
2022,1,11,820,
2022,1,12,2108,
2022,1,13,1396,
2022,1,14,3110,
2022,1,15,1376,
2022,1,16,23060,
2022,1,17,4026,
2022,1,18,3392,
2022,1,19,4149,
2022,1,20,1473,
2022,1,21,2785,
2022,1,22,1507,
2022,1,23,1295,
2022,1,24,3460,
2022,1,25,3765,
2022,1,26,2778,
2022,1,27,2476,
2022,1,28,3265,
2022,1,29,6058,
2022,1,30,3836,
2022,1,31,6564,
2022,1,32,13275,
2022,1,33,12229,
2022,1,34,16302,
2022,1,35,9797,
2022,1,36,13055,
2022,1,37,5223,
2022,1,38,2865,
2022,1,39,6530,
2022,1,40,7228,
2022,1,41,5855,
2022,1,42,3669,
2022,1,43,6835,
2022,1,44,5636,
2022,1,45,2246,
2022,1,46,2716,
2022,1,47,7031,
2022,1,48,2336,
2022,1,49,1618,
2022,1,50,33327,
2022,1,51,11206,
2022,1,52,5970,
2022,1,53,7994,
2022,1,54,9329,
2022,1,55,7528,
2022,1,56,10000,
2022,1,57,2759,
2022,1,58,3067,
2022,1,59,1665,
2022,1,60,11647,
2022,1,61,9437,
2022,1,62,4664,
2022,1,63,3379,
2022,1,64,7267,
2022,1,65,3348,
2022,1,66,1094,
2022,1,67,1666,
2022,1,68,2308,
2022,1,69,1435,
2022,1,70,1699,
2022,1,71,1993,
2022,1,72,1891,
2022,1,73,4308,
2022,1,74,5180,
2022,1,75,3744,
2022,1,76,7014,
2022,1,77,3638,
2022,1,78,875,
2022,1,79,495,
2022,1,80,1639,
2022,1,81,1113,
2022,1,82,3267,
2022,1,83,2624,
2022,1,84,1255,
2022,1,85,1830,
2022,1,86,13722,
2022,1,87,20903,
2022,1,88,17910,
2022,1,89,15920,
2022,1,90,25500,
2022,1,91,12832,
2022,1,92,5581,
2022,1,93,17836,
2022,1,94,22164,
2022,1,95,16906,
2022,1,96,2210,
2022,1,97,1651,
2022,1,98,8255,
2022,1,99,6335,
2022,1,100,4824,
2022,1,101,1453,
2022,1,102,1152,
2022,1,103,302,
2022,1,104,445,
2022,1,105,1073,
2022,1,106,901,
2022,1,107,387,
2022,1,108,490,
2022,1,109,945,
2022,1,110,1171,
2022,1,111,698,
2022,1,112,6544,
2022,1,113,9053,
2022,1,114,1022,
2022,1,115,2296,
2022,2,1,6915,
2022,2,2,7272,
2022,2,3,6272,
2022,2,4,8724,
2022,2,5,2026,
2022,2,6,1686,
2022,2,7,2129,
2022,2,8,4731,
2022,2,9,1521,
2022,2,10,6516,
2022,2,11,1080,
2022,2,12,2028,
2022,2,13,1534,
2022,2,14,3422,
2022,2,15,1670,
2022,2,16,22488,
2022,2,17,4566,
2022,2,18,3798,
2022,2,19,4599,
2022,2,20,3721,
2022,2,21,5951,
2022,2,22,1471,
2022,2,23,1253,
2022,2,24,4106,
2022,2,25,4237,
2022,2,26,3162,
2022,2,27,2678,
2022,2,28,3943,
2022,2,29,5812,
2022,2,30,3594,
2022,2,31,6410,
2022,2,32,12457,
2022,2,33,19215,
2022,2,34,15566,
2022,2,35,9551,
2022,2,36,12559,
2022,2,37,5165,
2022,2,38,2435,
2022,2,39,6202,
2022,2,40,12810,
2022,2,41,5639,
2022,2,42,3737,
2022,2,43,7453,
2022,2,44,6110,
2022,2,45,2400,
2022,2,46,2892,
2022,2,47,7487,
2022,2,48,2460,
2022,2,49,1596,
2022,2,50,33013,
2022,2,51,11912,
2022,2,52,6278,
2022,2,53,8432,
2022,2,54,10351,
2022,2,55,8450,
2022,2,56,9916,
2022,2,57,3267,
2022,2,58,3569,
2022,2,59,1965,
2022,2,60,11139,
2022,2,61,10239,
2022,2,62,6098,
2022,2,63,3811,
2022,2,64,8579,
2022,2,65,4012,
2022,2,66,1142,
2022,2,67,2066,
2022,2,68,2692,
2022,2,69,1555,
2022,2,70,1887,
2022,2,71,2067,
2022,2,72,2143,
2022,2,73,5188,
2022,2,74,6644,
2022,2,75,4184,
2022,2,76,7666,
2022,2,77,4302,
2022,2,78,1055,
2022,2,79,739,
2022,2,80,1927,
2022,2,81,1407,
2022,2,82,3885,
2022,2,83,2908,
2022,2,84,1527,
2022,2,85,1986,
2022,2,86,13650,
2022,2,87,20717,
2022,2,88,17724,
2022,2,89,15710,
2022,2,90,25384,
2022,2,91,12492,
2022,2,92,5465,
2022,2,93,17560,
2022,2,94,21450,
2022,2,95,16774,
2022,2,96,2210,
2022,2,97,1607,
2022,2,98,8255,
2022,2,99,6247,
2022,2,100,4612,
2022,2,101,1707,
2022,2,102,1312,
2022,2,103,302,
2022,2,104,425,
2022,2,105,1223,
2022,2,106,1033,
2022,2,107,371,
2022,2,108,480,
2022,2,109,6193,
2022,2,110,1883,
2022,2,111,994,
2022,2,112,6388,
2022,2,113,9053,
2022,2,114,1014,
2022,2,115,2158,
2022,3,1,6509,
2022,3,2,6230,
2022,3,3,4990,
2022,3,4,11776,
2022,3,5,2530,
2022,3,6,1506,
2022,3,7,4323,
2022,3,8,4297,
2022,3,9,1099,
2022,3,10,5840,
2022,3,11,1052,
2022,3,12,1426,
2022,3,13,1430,
2022,3,14,3630,
2022,3,15,1338,
2022,3,16,21284,
2022,3,17,4522,
2022,3,18,3700,
2022,3,19,4749,
2022,3,20,3083,
2022,3,21,5557,
2022,3,22,1287,
2022,3,23,1153,
2022,3,24,4364,
2022,3,25,4061,
2022,3,26,3066,
2022,3,27,2684,
2022,3,28,4049,
2022,3,29,7806,
2022,3,30,3300,
2022,3,31,8598,
2022,3,32,18373,
2022,3,33,17785,
2022,3,34,20304,
2022,3,35,11971,
2022,3,36,11421,
2022,3,37,4947,
2022,3,38,1939,
2022,3,39,5048,
2022,3,40,11024,
2022,3,41,5213,
2022,3,42,3713,
2022,3,43,7475,
2022,3,44,5912,
2022,3,45,2392,
2022,3,46,2982,
2022,3,47,7665,
2022,3,48,2432,
2022,3,49,1482,
2022,3,50,40115,
2022,3,51,11702,
2022,3,52,6306,
2022,3,53,7952,
2022,3,54,10803,
2022,3,55,8126,
2022,3,56,9362,
2022,3,57,3189,
2022,3,58,3419,
2022,3,59,1769,
2022,3,60,12879,
2022,3,61,9763,
2022,3,62,6384,
2022,3,63,3951,
2022,3,64,7963,
2022,3,65,3884,
2022,3,66,962,
2022,3,67,2104,
2022,3,68,2884,
2022,3,69,1723,
2022,3,70,1843,
2022,3,71,2109,
2022,3,72,2249,
2022,3,73,6168,
2022,3,74,8070,
2022,3,75,4240,
2022,3,76,7916,
2022,3,77,4694,
2022,3,78,835,
2022,3,79,789,
2022,3,80,2117,
2022,3,81,1493,
2022,3,82,3751,
2022,3,83,2850,
2022,3,84,1213,
2022,3,85,1966,
2022,3,86,12276,
2022,3,87,20075,
2022,3,88,16376,
2022,3,89,14846,
2022,3,90,23832,
2022,3,91,11486,
2022,3,92,5125,
2022,3,93,16652,
2022,3,94,20072,
2022,3,95,15926,
2022,3,96,2018,
2022,3,97,1543,
2022,3,98,7839,
2022,3,99,5913,
2022,3,100,4110,
2022,3,101,1633,
2022,3,102,1226,
2022,3,103,814,
2022,3,104,1371,
2022,3,105,1151,
2022,3,106,1107,
2022,3,107,1255,
2022,3,108,1420,
2022,3,109,5679,
2022,3,110,1359,
2022,3,111,902,
2022,3,112,5380,
2022,3,113,8359,
2022,3,114,942,
2022,3,115,5426,
2022,4,1,6465,
2022,4,2,9038,
2022,4,3,5552,
2022,4,4,10456,
2022,4,5,2082,
2022,4,6,1390,
2022,4,7,3711,
2022,4,8,3429,
2022,4,9,3319,
2022,4,10,5168,
2022,4,11,876,
2022,4,12,1468,
2022,4,13,1362,
2022,4,14,3438,
2022,4,15,1392,
2022,4,16,50294,
2022,4,17,4256,
2022,4,18,3708,
2022,4,19,4673,
2022,4,20,2615,
2022,4,21,5279,
2022,4,22,1175,
2022,4,23,1613,
2022,4,24,4390,
2022,4,25,4145,
2022,4,26,3366,
2022,4,27,2954,
2022,4,28,3989,
2022,4,29,6966,
2022,4,30,5516,
2022,4,31,8092,
2022,4,32,15931,
2022,4,33,16111,
2022,4,34,17156,
2022,4,35,10661,
2022,4,36,14517,
2022,4,37,6783,
2022,4,38,4015,
2022,4,39,7196,
2022,4,40,9508,
2022,4,41,4901,
2022,4,42,3573,
2022,4,43,6941,
2022,4,44,5560,
2022,4,45,2442,
2022,4,46,3118,
2022,4,47,7551,
2022,4,48,2396,
2022,4,49,1982,
2022,4,50,37803,
2022,4,51,11552,
2022,4,52,6092,
2022,4,53,7244,
2022,4,54,10599,
2022,4,55,7582,
2022,4,56,18196,
2022,4,57,2947,
2022,4,58,3437,
2022,4,59,1537,
2022,4,60,11105,
2022,4,61,9235,
2022,4,62,6006,
2022,4,63,3559,
2022,4,64,7387,
2022,4,65,3404,
2022,4,66,1082,
2022,4,67,1970,
2022,4,68,2730,
2022,4,69,1649,
2022,4,70,1883,
2022,4,71,2173,
2022,4,72,2391,
2022,4,73,7048,
2022,4,74,8708,
2022,4,75,3936,
2022,4,76,7680,
2022,4,77,4762,
2022,4,78,717,
2022,4,79,679,
2022,4,80,1929,
2022,4,81,1525,
2022,4,82,3439,
2022,4,83,2488,
2022,4,84,1167,
2022,4,85,1966,
2022,4,86,11284,
2022,4,87,18909,
2022,4,88,14238,
2022,4,89,14040,
2022,4,90,21840,
2022,4,91,10616,
2022,4,92,4853,
2022,4,93,15402,
2022,4,94,18100,
2022,4,95,14476,
2022,4,96,2312,
2022,4,97,1473,
2022,4,98,7585,
2022,4,99,5629,
2022,4,100,3556,
2022,4,101,1585,
2022,4,102,1080,
2022,4,103,1232,
2022,4,104,1267,
2022,4,105,855,
2022,4,106,977,
2022,4,107,1323,
2022,4,108,1346,
2022,4,109,4941,
2022,4,110,1675,
2022,4,111,996,
2022,4,112,4350,
2022,4,113,7427,
2022,4,114,840,
2022,4,115,4156,
2022,5,1,7425,
2022,5,2,7656,
2022,5,3,4824,
2022,5,4,9696,
2022,5,5,1258,
2022,5,6,1254,
2022,5,7,3519,
2022,5,8,2813,
2022,5,9,3027,
2022,5,10,4964,
2022,5,11,1022,
2022,5,12,2114,
2022,5,13,1970,
2022,5,14,3518,
2022,5,15,1694,
2022,5,16,48282,
2022,5,17,4706,
2022,5,18,3750,
2022,5,19,5053,
2022,5,20,2379,
2022,5,21,5009,
2022,5,22,1057,
2022,5,23,1475,
2022,5,24,4826,
2022,5,25,4565,
2022,5,26,3564,
2022,5,27,3148,
2022,5,28,4309,
2022,5,29,6544,
2022,5,30,5180,
2022,5,31,7664,
2022,5,32,14241,
2022,5,33,22117,
2022,5,34,16394,
2022,5,35,10331,
2022,5,36,13107,
2022,5,37,6485,
2022,5,38,3527,
2022,5,39,6912,
2022,5,40,8278,
2022,5,41,4383,
2022,5,42,3589,
2022,5,43,6939,
2022,5,44,5434,
2022,5,45,2562,
2022,5,46,3182,
2022,5,47,7765,
2022,5,48,2398,
2022,5,49,1832,
2022,5,50,36069,
2022,5,51,11744,
2022,5,52,6484,
2022,5,53,7708,
2022,5,54,10979,
2022,5,55,7980,
2022,5,56,17696,
2022,5,57,3279,
2022,5,58,3373,
2022,5,59,1541,
2022,5,60,12937,
2022,5,61,9981,
2022,5,62,6650,
2022,5,63,4081,
2022,5,64,8979,
2022,5,65,3716,
2022,5,66,1174,
2022,5,67,2354,
2022,5,68,3426,
2022,5,69,1581,
2022,5,70,1919,
2022,5,71,2461,
2022,5,72,2793,
2022,5,73,7804,
2022,5,74,10228,
2022,5,75,4726,
2022,5,76,8128,
2022,5,77,4936,
2022,5,78,693,
2022,5,79,787,
2022,5,80,2039,
2022,5,81,1625,
2022,5,82,4171,
2022,5,83,2698,
2022,5,84,1239,
2022,5,85,2262,
2022,5,86,10440,
2022,5,87,18113,
2022,5,88,13162,
2022,5,89,13182,
2022,5,90,21282,
2022,5,91,9850,
2022,5,92,4697,
2022,5,93,14336,
2022,5,94,16234,
2022,5,95,13420,
2022,5,96,2244,
2022,5,97,1409,
2022,5,98,7073,
2022,5,99,5163,
2022,5,100,5964,
2022,5,101,1735,
2022,5,102,1036,
2022,5,103,1140,
2022,5,104,1211,
2022,5,105,871,
2022,5,106,1043,
2022,5,107,1213,
2022,5,108,1288,
2022,5,109,4567,
2022,5,110,1359,
2022,5,111,870,
2022,5,112,4088,
2022,5,113,7017,
2022,5,114,782,
2022,5,115,3902,
2022,6,1,8169,
2022,6,2,7104,
2022,6,3,7392,
2022,6,4,13438,
2022,6,5,2486,
2022,6,6,1186,
2022,6,7,3199,
2022,6,8,1945,
2022,6,9,2491,
2022,6,10,9512,
2022,6,11,1008,
2022,6,12,2030,
2022,6,13,1694,
2022,6,14,3670,
2022,6,15,1768,
2022,6,16,46480,
2022,6,17,4478,
2022,6,18,3862,
2022,6,19,4931,
2022,6,20,1913,
2022,6,21,4707,
2022,6,22,1923,
2022,6,23,1367,
2022,6,24,4876,
2022,6,25,4893,
2022,6,26,3638,
2022,6,27,3198,
2022,6,28,4429,
2022,6,29,8438,
2022,6,30,4872,
2022,6,31,9958,
2022,6,32,20299,
2022,6,33,20637,
2022,6,34,23446,
2022,6,35,12651,
2022,6,36,11617,
2022,6,37,5829,
2022,6,38,2759,
2022,6,39,6048,
2022,6,40,14134,
2022,6,41,7595,
2022,6,42,3551,
2022,6,43,6843,
2022,6,44,5972,
2022,6,45,2586,
2022,6,46,3202,
2022,6,47,7547,
2022,6,48,2536,
2022,6,49,1712,
2022,6,50,42387,
2022,6,51,11320,
2022,6,52,6606,
2022,6,53,7748,
2022,6,54,11373,
2022,6,55,8202,
2022,6,56,17180,
2022,6,57,3265,
2022,6,58,3451,
2022,6,59,1563,
2022,6,60,11871,
2022,6,61,10327,
2022,6,62,6426,
2022,6,63,3979,
2022,6,64,9577,
2022,6,65,3746,
2022,6,66,1158,
2022,6,67,2578,
2022,6,68,3662,
2022,6,69,1489,
2022,6,70,2055,
2022,6,71,2623,
2022,6,72,2869,
2022,6,73,8374,
2022,6,74,10892,
2022,6,75,4150,
2022,6,76,7512,
2022,6,77,4752,
2022,6,78,999,
2022,6,79,865,
2022,6,80,1851,
2022,6,81,1631,
2022,6,82,4605,
2022,6,83,2788,
2022,6,84,1361,
2022,6,85,2116,
2022,6,86,8764,
2022,6,87,17117,
2022,6,88,10844,
2022,6,89,12466,
2022,6,90,19256,
2022,6,91,8910,
2022,6,92,4381,
2022,6,93,13318,
2022,6,94,14720,
2022,6,95,12144,
2022,6,96,2060,
2022,6,97,1361,
2022,6,98,6667,
2022,6,99,4565,
2022,6,100,5276,
2022,6,101,1791,
2022,6,102,1084,
2022,6,103,1086,
2022,6,104,1129,
2022,6,105,991,
2022,6,106,1007,
2022,6,107,1153,
2022,6,108,1192,
2022,6,109,4197,
2022,6,110,1807,
2022,6,111,1052,
2022,6,112,3696,
2022,6,113,6381,
2022,6,114,734,
2022,6,115,3342,
2022,7,1,9139,
2022,7,2,10506,
2022,7,3,6182,
2022,7,4,12312,
2022,7,5,2068,
2022,7,6,2008,
2022,7,7,2981,
2022,7,8,1685,
2022,7,9,2181,
2022,7,10,8956,
2022,7,11,1018,
2022,7,12,2384,
2022,7,13,2158,
2022,7,14,3860,
2022,7,15,1904,
2022,7,16,45040,
2022,7,17,4594,
2022,7,18,4516,
2022,7,19,5337,
2022,7,20,1555,
2022,7,21,4377,
2022,7,22,1747,
2022,7,23,1891,
2022,7,24,5000,
2022,7,25,4775,
2022,7,26,4044,
2022,7,27,3576,
2022,7,28,4345,
2022,7,29,7822,
2022,7,30,4220,
2022,7,31,9390,
2022,7,32,18377,
2022,7,33,19031,
2022,7,34,22200,
2022,7,35,11641,
2022,7,36,15631,
2022,7,37,7759,
2022,7,38,4719,
2022,7,39,9138,
2022,7,40,13154,
2022,7,41,7495,
2022,7,42,3739,
2022,7,43,7033,
2022,7,44,6516,
2022,7,45,2698,
2022,7,46,3388,
2022,7,47,7695,
2022,7,48,2698,
2022,7,49,1630,
2022,7,50,38997,
2022,7,51,11972,
2022,7,52,6970,
2022,7,53,8104,
2022,7,54,11793,
2022,7,55,8404,
2022,7,56,16664,
2022,7,57,3513,
2022,7,58,3629,
2022,7,59,1917,
2022,7,60,13311,
2022,7,61,10395,
2022,7,62,7352,
2022,7,63,4111,
2022,7,64,9507,
2022,7,65,3722,
2022,7,66,1298,
2022,7,67,2692,
2022,7,68,3892,
2022,7,69,1561,
2022,7,70,1945,
2022,7,71,2651,
2022,7,72,3259,
2022,7,73,8518,
2022,7,74,12192,
2022,7,75,4840,
2022,7,76,7774,
2022,7,77,5256,
2022,7,78,1231,
2022,7,79,1017,
2022,7,80,2205,
2022,7,81,1755,
2022,7,82,5327,
2022,7,83,3038,
2022,7,84,1669,
2022,7,85,2346,
2022,7,86,9326,
2022,7,87,17127,
2022,7,88,11062,
2022,7,89,12868,
2022,7,90,20688,
2022,7,91,10590,
2022,7,92,4841,
2022,7,93,16186,
2022,7,94,14714,
2022,7,95,11532,
2022,7,96,1928,
2022,7,97,1297,
2022,7,98,6871,
2022,7,99,4301,
2022,7,100,4868,
2022,7,101,1917,
2022,7,102,1180,
2022,7,103,1054,
2022,7,104,1107,
2022,7,105,1185,
2022,7,106,1069,
2022,7,107,1113,
2022,7,108,1152,
2022,7,109,3927,
2022,7,110,1509,
2022,7,111,966,
2022,7,112,3310,
2022,7,113,5861,
2022,7,114,702,
2022,7,115,2958,
2022,8,1,9173,
2022,8,2,9816,
2022,8,3,8656,
2022,8,4,11524,
2022,8,5,1556,
2022,8,6,1898,
2022,8,7,2601,
2022,8,8,5547,
2022,8,9,1785,
2022,8,10,8384,
2022,8,11,1188,
2022,8,12,2988,
2022,8,13,2578,
2022,8,14,4520,
2022,8,15,1890,
2022,8,16,43044,
2022,8,17,4900,
2022,8,18,4892,
2022,8,19,5719,
2022,8,20,3759,
2022,8,21,7537,
2022,8,22,1657,
2022,8,23,1817,
2022,8,24,5760,
2022,8,25,4937,
2022,8,26,4296,
2022,8,27,3680,
2022,8,28,4813,
2022,8,29,7258,
2022,8,30,6874,
2022,8,31,8954,
2022,8,32,17609,
2022,8,33,25053,
2022,8,34,20608,
2022,8,35,10971,
2022,8,36,15067,
2022,8,37,7031,
2022,8,38,4341,
2022,8,39,8396,
2022,8,40,11824,
2022,8,41,7123,
2022,8,42,4083,
2022,8,43,7497,
2022,8,44,7302,
2022,8,45,2808,
2022,8,46,3488,
2022,8,47,7823,
2022,8,48,2852,
2022,8,49,1806,
2022,8,50,37769,
2022,8,51,12278,
2022,8,52,7090,
2022,8,53,8432,
2022,8,54,12295,
2022,8,55,9034,
2022,8,56,16224,
2022,8,57,3725,
2022,8,58,3819,
2022,8,59,2161,
2022,8,60,12721,
2022,8,61,10793,
2022,8,62,8346,
2022,8,63,4307,
2022,8,64,10623,
2022,8,65,4046,
2022,8,66,1344,
2022,8,67,2538,
2022,8,68,4400,
2022,8,69,1607,
2022,8,70,2191,
2022,8,71,2889,
2022,8,72,3533,
2022,8,73,8710,
2022,8,74,14772,
2022,8,75,5290,
2022,8,76,7828,
2022,8,77,5284,
2022,8,78,1305,
2022,8,79,1323,
2022,8,80,2293,
2022,8,81,1881,
2022,8,82,5603,
2022,8,83,3348,
2022,8,84,1801,
2022,8,85,2442,
2022,8,86,8420,
2022,8,87,16175,
2022,8,88,10102,
2022,8,89,11294,
2022,8,90,19620,
2022,8,91,9964,
2022,8,92,4605,
2022,8,93,15148,
2022,8,94,13816,
2022,8,95,10068,
2022,8,96,1870,
2022,8,97,1297,
2022,8,98,6641,
2022,8,99,4037,
2022,8,100,4062,
2022,8,101,2137,
2022,8,102,1272,
2022,8,103,1016,
2022,8,104,1099,
2022,8,105,1429,
2022,8,106,1205,
2022,8,107,1103,
2022,8,108,1140,
2022,8,109,3797,
2022,8,110,2281,
2022,8,111,1246,
2022,8,112,3024,
2022,8,113,5721,
2022,8,114,688,
2022,8,115,6654,
2022,9,1,9663,
2022,9,2,9172,
2022,9,3,8248,
2022,9,4,14766,
2022,9,5,3128,
2022,9,6,1766,
2022,9,7,4545,
2022,9,8,4955,
2022,9,9,1571,
2022,9,10,7534,
2022,9,11,1324,
2022,9,12,3012,
2022,9,13,2886,
2022,9,14,4892,
2022,9,15,2082,
2022,9,16,41442,
2022,9,17,5286,
2022,9,18,4614,
2022,9,19,6255,
2022,9,20,3251,
2022,9,21,7087,
2022,9,22,1597,
2022,9,23,1801,
2022,9,24,6798,
2022,9,25,5145,
2022,9,26,4490,
2022,9,27,3888,
2022,9,28,4865,
2022,9,29,9310,
2022,9,30,6486,
2022,9,31,11916,
2022,9,32,22433,
2022,9,33,23843,
2022,9,34,27844,
2022,9,35,16057,
2022,9,36,14161,
2022,9,37,5883,
2022,9,38,3897,
2022,9,39,8196,
2022,9,40,9942,
2022,9,41,6749,
2022,9,42,4383,
2022,9,43,7509,
2022,9,44,7780,
2022,9,45,2886,
2022,9,46,3484,
2022,9,47,8025,
2022,9,48,3028,
2022,9,49,1692,
2022,9,50,44943,
2022,9,51,12218,
2022,9,52,7742,
2022,9,53,8638,
2022,9,54,12847,
2022,9,55,9532,
2022,9,56,15690,
2022,9,57,3953,
2022,9,58,4079,
2022,9,59,2471,
2022,9,60,14571,
2022,9,61,11107,
2022,9,62,8770,
2022,9,63,4281,
2022,9,64,10997,
2022,9,65,3958,
2022,9,66,1562,
2022,9,67,2720,
2022,9,68,4738,
2022,9,69,1629,
2022,9,70,2317,
2022,9,71,2869,
2022,9,72,3777,
2022,9,73,9008,
2022,9,74,17014,
2022,9,75,5690,
2022,9,76,8358,
2022,9,77,5268,
2022,9,78,1429,
2022,9,79,1579,
2022,9,80,2385,
2022,9,81,1947,
2022,9,82,5591,
2022,9,83,3700,
2022,9,84,1813,
2022,9,85,2534,
2022,9,86,6834,
2022,9,87,15449,
2022,9,88,9368,
2022,9,89,9912,
2022,9,90,18118,
2022,9,91,9436,
2022,9,92,4513,
2022,9,93,14292,
2022,9,94,12886,
2022,9,95,9480,
2022,9,96,1754,
2022,9,97,1271,
2022,9,98,6121,
2022,9,99,3781,
2022,9,100,3570,
2022,9,101,2145,
2022,9,102,1188,
2022,9,103,898,
2022,9,104,1049,
2022,9,105,1435,
2022,9,106,1271,
2022,9,107,1005,
2022,9,108,1104,
2022,9,109,3511,
2022,9,110,1773,
2022,9,111,1014,
2022,9,112,2108,
2022,9,113,5091,
2022,9,114,580,
2022,9,115,5634,
2022,10,1,7449,
2022,10,2,11364,
2022,10,3,9474,
2022,10,4,12234,
2022,10,5,2260,
2022,10,6,1384,
2022,10,7,3333,
2022,10,8,3671,
2022,10,9,3511,
2022,10,10,5934,
2022,10,11,1208,
2022,10,12,1684,
2022,10,13,2116,
2022,10,14,4180,
2022,10,15,1406,
2022,10,16,37920,
2022,10,17,4112,
2022,10,18,3652,
2022,10,19,4821,
2022,10,20,2407,
2022,10,21,6443,
2022,10,22,1147,
2022,10,23,2135,
2022,10,24,5962,
2022,10,25,4641,
2022,10,26,4172,
2022,10,27,3494,
2022,10,28,4279,
2022,10,29,7864,
2022,10,30,4968,
2022,10,31,9844,
2022,10,32,18453,
2022,10,33,19013,
2022,10,34,22976,
2022,10,35,13497,
2022,10,36,16133,
2022,10,37,6483,
2022,10,38,5165,
2022,10,39,10168,
2022,10,40,13974,
2022,10,41,5697,
2022,10,42,4049,
2022,10,43,6599,
2022,10,44,7512,
2022,10,45,2666,
2022,10,46,3254,
2022,10,47,7489,
2022,10,48,2862,
2022,10,49,1480,
2022,10,50,39485,
2022,10,51,10986,
2022,10,52,6932,
2022,10,53,7698,
2022,10,54,11959,
2022,10,55,7580,
2022,10,56,14400,
2022,10,57,3693,
2022,10,58,3857,
2022,10,59,2155,
2022,10,60,12999,
2022,10,61,8987,
2022,10,62,7284,
2022,10,63,4179,
2022,10,64,9843,
2022,10,65,3158,
2022,10,66,1194,
2022,10,67,1132,
2022,10,68,4088,
2022,10,69,1539,
2022,10,70,1895,
2022,10,71,2607,
2022,10,72,3493,
2022,10,73,7246,
2022,10,74,16064,
2022,10,75,3844,
2022,10,76,7722,
2022,10,77,4090,
2022,10,78,-345,
2022,10,79,997,
2022,10,80,1401,
2022,10,81,1425,
2022,10,82,3929,
2022,10,83,2724,
2022,10,84,1393,
2022,10,85,1406,
2022,10,86,5020,
2022,10,87,14939,
2022,10,88,8606,
2022,10,89,9106,
2022,10,90,17468,
2022,10,91,8744,
2022,10,92,4289,
2022,10,93,13300,
2022,10,94,11550,
2022,10,95,8942,
2022,10,96,1966,
2022,10,97,1211,
2022,10,98,5885,
2022,10,99,3539,
2022,10,100,2906,
2022,10,101,1997,
2022,10,102,1226,
2022,10,103,798,
2022,10,104,915,
2022,10,105,1235,
2022,10,106,1283,
2022,10,107,777,
2022,10,108,958,
2022,10,109,2615,
2022,10,110,2043,
2022,10,111,1146,
2022,10,112,1402,
2022,10,113,4191,
2022,10,114,440,
2022,10,115,4488,
2022,11,1,7595,
2022,11,2,10326,
2022,11,3,9020,
2022,11,4,11644,
2022,11,5,1958,
2022,11,6,1322,
2022,11,7,2905,
2022,11,8,3035,
2022,11,9,3397,
2022,11,10,5776,
2022,11,11,1030,
2022,11,12,2098,
2022,11,13,2538,
2022,11,14,4674,
2022,11,15,1622,
2022,11,16,37632,
2022,11,17,4338,
2022,11,18,4248,
2022,11,19,5537,
2022,11,20,2075,
2022,11,21,6191,
2022,11,22,963,
2022,11,23,2063,
2022,11,24,6872,
2022,11,25,4899,
2022,11,26,4410,
2022,11,27,3690,
2022,11,28,4533,
2022,11,29,7284,
2022,11,30,4792,
2022,11,31,9102,
2022,11,32,17597,
2022,11,33,24301,
2022,11,34,20946,
2022,11,35,11693,
2022,11,36,15589,
2022,11,37,6007,
2022,11,38,4821,
2022,11,39,9570,
2022,11,40,13204,
2022,11,41,5435,
2022,11,42,4371,
2022,11,43,7159,
2022,11,44,8128,
2022,11,45,2868,
2022,11,46,3340,
2022,11,47,7943,
2022,11,48,3130,
2022,11,49,1422,
2022,11,50,37609,
2022,11,51,11696,
2022,11,52,7242,
2022,11,53,7886,
2022,11,54,12711,
2022,11,55,8206,
2022,11,56,14376,
2022,11,57,4205,
2022,11,58,4291,
2022,11,59,2571,
2022,11,60,14655,
2022,11,61,9785,
2022,11,62,8154,
2022,11,63,4869,
2022,11,64,11403,
2022,11,65,3494,
2022,11,66,1482,
2022,11,67,1752,
2022,11,68,4992,
2022,11,69,1539,
2022,11,70,2251,
2022,11,71,2845,
2022,11,72,3891,
2022,11,73,7502,
2022,11,74,17814,
2022,11,75,4426,
2022,11,76,9046,
2022,11,77,4498,
2022,11,78,103,
2022,11,79,1245,
2022,11,80,1735,
2022,11,81,1527,
2022,11,82,4247,
2022,11,83,3166,
2022,11,84,1689,
2022,11,85,1520,
2022,11,86,4798,
2022,11,87,14827,
2022,11,88,8310,
2022,11,89,8822,
2022,11,90,17318,
2022,11,91,8544,
2022,11,92,4231,
2022,11,93,13038,
2022,11,94,11066,
2022,11,95,8706,
2022,11,96,1966,
2022,11,97,1175,
2022,11,98,5697,
2022,11,99,3391,
2022,11,100,2670,
2022,11,101,1955,
2022,11,102,1362,
2022,11,103,732,
2022,11,104,909,
2022,11,105,1453,
2022,11,106,1463,
2022,11,107,719,
2022,11,108,922,
2022,11,109,2395,
2022,11,110,1827,
2022,11,111,948,
2022,11,112,8176,
2022,11,113,3831,
2022,11,114,400,
2022,11,115,4108,
2022,12,1,8231,
2022,12,2,8804,
2022,12,3,11690,
2022,12,4,15150,
2022,12,5,3106,
2022,12,6,2032,
2022,12,7,2435,
2022,12,8,2921,
2022,12,9,3197,
2022,12,10,5382,
2022,12,11,902,
2022,12,12,2254,
2022,12,13,2822,
2022,12,14,4564,
2022,12,15,1546,
2022,12,16,35148,
2022,12,17,4860,
2022,12,18,4250,
2022,12,19,5987,
2022,12,20,1865,
2022,12,21,5835,
2022,12,22,895,
2020,1,1,2007,
2020,1,2,1718,
2020,1,3,2100,
2020,1,4,4914,
2020,1,5,846,
2020,1,6,1084,
2020,1,7,2107,
2020,1,8,1743,
2020,1,9,1071,
2020,1,10,2502,
2020,1,11,618,
2020,1,12,1034,
2020,1,13,782,
2020,1,14,2630,
2020,1,15,984,
2020,1,16,16632,
2020,1,17,3452,
2020,1,18,3326,
2020,1,19,2533,
2020,1,20,1293,
2020,1,21,1113,
2020,1,22,827,
2020,1,23,609,
2020,1,24,1870,
2020,1,25,1761,
2020,1,26,1642,
2020,1,27,1256,
2020,1,28,1311,
2020,1,29,2492,
2020,1,30,1596,
2020,1,31,2520,
2020,1,32,6321,
2020,1,33,5999,
2020,1,34,4732,
2020,1,35,3773,
2020,1,36,5575,
2020,1,37,2567,
2020,1,38,2189,
2020,1,39,3092,
2020,1,40,5502,
2020,1,41,2079,
2020,1,63,1075,
2020,1,64,3161,
2020,1,65,886,
2020,1,66,436,
2020,1,67,1110,
2020,1,68,1712,
2020,1,69,421,
2020,1,70,695,
2020,1,71,681,
2020,1,72,645,
2020,1,73,1214,
2020,1,74,3016,
2020,1,75,1362,
2020,1,76,2118,
2020,1,77,1992,
2020,1,78,847,
2020,1,79,541,
2020,1,80,457,
2020,1,81,639,
2020,1,82,2977,
2020,1,83,1730,
2020,1,84,335,
2020,1,85,1124,
2020,1,86,26300,
2020,1,87,32245,
2020,1,88,32266,
2020,1,89,33358,
2020,1,90,49100,
2020,1,91,19466,
2020,1,92,8149,
2020,1,93,36090,
2020,1,94,39996,
2020,1,95,38120,
2020,1,96,2650,
2020,1,97,1171,
2020,1,98,11933,
2020,1,99,7597,
2020,1,100,15846,
2020,1,101,737,
2020,1,102,596,
2020,1,103,224,
2020,1,104,168,
2020,1,105,701,
2020,1,106,561,
2020,1,107,31,
2020,1,108,164,
2020,1,109,689,
2020,1,110,525,
2020,1,111,512,
2020,1,112,3500,
2020,1,113,3369,
2020,1,114,384,
2020,1,115,562,
2020,2,1,2263,
2020,2,2,1558,
2020,2,3,2738,
2020,2,4,4402,
2020,2,5,754,
2020,2,6,1048,
2020,2,7,1979,
2020,2,8,2629,
2020,2,9,1055,
2020,2,10,2396,
2020,2,11,668,
2020,2,12,1168,
2020,2,13,614,
2020,2,14,2626,
2020,2,15,796,
2020,2,16,16014,
2020,2,17,3542,
2020,2,18,3412,
2020,2,19,2677,
2020,2,20,2449,
2020,2,21,1997,
2020,2,22,811,
2020,2,23,519,
2020,2,24,1712,
2020,2,25,1815,
2020,2,26,1810,
2020,2,27,1238,
2020,2,28,1243,
2020,2,29,2370,
2020,2,30,1492,
2020,2,31,2342,
2020,2,32,6063,
2020,2,33,7539,
2020,2,34,4146,
2020,2,35,3379,
2020,2,36,4789,
2020,2,37,2021,
2020,2,38,2037,
2020,2,39,2682,
2020,2,40,7154,
2020,2,41,1857,
2020,2,63,1019,
2020,2,64,3129,
2020,2,65,748,
2020,2,66,440,
2020,2,67,1140,
2020,2,68,1614,
2020,2,69,381,
2020,2,70,669,
2020,2,71,609,
2020,2,72,629,
2020,2,73,1302,
2020,2,74,2852,
2020,2,75,1130,
2020,2,76,2114,
2020,2,77,1874,
2020,2,78,1015,
2020,2,79,591,
2020,2,80,427,
2020,2,81,623,
2020,2,82,3071,
2020,2,83,1646,
2020,2,84,283,
2020,2,85,1064,
2020,2,86,24942,
2020,2,87,30837,
2020,2,88,31606,
2020,2,89,32324,
2020,2,90,46354,
2020,2,91,18542,
2020,2,92,7783,
2020,2,93,34862,
2020,2,94,39156,
2020,2,95,36868,
2020,2,96,2512,
2020,2,97,1147,
2020,2,98,11507,
2020,2,99,7327,
2020,2,100,15000,
2020,2,101,761,
2020,2,102,608,
2020,2,103,224,
2020,2,104,152,
2020,2,105,735,
2020,2,106,577,
2020,2,107,31,
2020,2,108,158,
2020,2,109,3031,
2020,2,110,763,
2020,2,111,576,
2020,2,112,3500,
2020,2,113,3369,
2020,2,114,372,
2020,2,115,446,
2020,3,1,1965,
2020,3,2,1066,
2020,3,3,2468,
2020,3,4,5778,
2020,3,5,1174,
2020,3,6,1032,
2020,3,7,3069,
2020,3,8,2349,
2020,3,9,805,
2020,3,10,2218,
2020,3,11,674,
2020,3,12,804,
2020,3,13,548,
2020,3,14,2604,
2020,3,15,850,
2020,3,16,15444,
2020,3,17,3424,
2020,3,18,3064,
2020,3,19,2751,
2020,3,20,2351,
2020,3,21,1899,
2020,3,22,721,
2020,3,23,453,
2020,3,24,1624,
2020,3,25,1749,
2020,3,26,1830,
2020,3,27,1214,
2020,3,28,1215,
2020,3,29,2940,
2020,3,30,1472,
2020,3,31,3214,
2020,3,32,8103,
2020,3,33,6943,
2020,3,34,6236,
2020,3,35,4551,
2020,3,36,4619,
2020,3,37,1771,
2020,3,38,1737,
2020,3,39,2424,
2020,3,40,6566,
2020,3,41,1743,
2020,3,63,1071,
2020,3,64,3045,
2020,3,65,698,
2020,3,66,420,
2020,3,67,1068,
2020,3,68,1686,
2020,3,69,329,
2020,3,70,627,
2020,3,71,649,
2020,3,72,571,
2020,3,73,1132,
2020,3,74,2930,
2020,3,75,1124,
2020,3,76,2170,
2020,3,77,1958,
2020,3,78,955,
2020,3,79,499,
2020,3,80,327,
2020,3,81,667,
2020,3,82,3245,
2020,3,83,1606,
2020,3,84,295,
2020,3,85,1052,
2020,3,86,23088,
2020,3,87,27265,
2020,3,88,27060,
2020,3,89,29268,
2020,3,90,42798,
2020,3,91,16880,
2020,3,92,7053,
2020,3,93,31048,
2020,3,94,34954,
2020,3,95,33556,
2020,3,96,2052,
2020,3,97,1365,
2020,3,98,10347,
2020,3,99,6391,
2020,3,100,13408,
2020,3,101,775,
2020,3,102,520,
2020,3,103,403,
2020,3,104,405,
2020,3,105,757,
2020,3,106,633,
2020,3,107,-31,
2020,3,108,416,
2020,3,109,2839,
2020,3,110,513,
2020,3,111,520,
2020,3,112,3144,
2020,3,113,2975,
2020,3,114,334,
2020,3,115,2292,
2020,4,1,1837,
2020,4,2,1330,
2020,4,3,2846,
2020,4,4,5068,
2020,4,5,1050,
2020,4,6,954,
2020,4,7,2823,
2020,4,8,1979,
2020,4,9,1749,
2020,4,10,2008,
2020,4,11,626,
2020,4,12,672,
2020,4,13,770,
2020,4,14,2524,
2020,4,15,828,
2020,4,16,27088,
2020,4,17,3372,
2020,4,18,2988,
2020,4,19,2475,
2020,4,20,1895,
2020,4,21,1809,
2020,4,22,635,
2020,4,23,563,
2020,4,24,1578,
2020,4,25,1791,
2020,4,26,1776,
2020,4,27,1244,
2020,4,28,1003,
2020,4,29,2532,
2020,4,30,2240,
2020,4,31,2572,
2020,4,32,7083,
2020,4,33,6417,
2020,4,34,4922,
2020,4,35,3979,
2020,4,36,5081,
2020,4,37,2019,
2020,4,38,2055,
2020,4,39,2898,
2020,4,40,5724,
2020,4,41,1527,
2020,4,63,843,
2020,4,64,2981,
2020,4,65,770,
2020,4,66,474,
2020,4,67,1158,
2020,4,68,1518,
2020,4,69,333,
2020,4,70,683,
2020,4,71,631,
2020,4,72,557,
2020,4,73,1022,
2020,4,74,2756,
2020,4,75,1270,
2020,4,76,1996,
2020,4,77,1600,
2020,4,78,919,
2020,4,79,477,
2020,4,80,389,
2020,4,81,619,
2020,4,82,2931,
2020,4,83,1650,
2020,4,84,243,
2020,4,85,1042,
2020,4,86,20158,
2020,4,87,24011,
2020,4,88,23424,
2020,4,89,25504,
2020,4,90,36980,
2020,4,91,14014,
2020,4,92,6387,
2020,4,93,27400,
2020,4,94,30438,
2020,4,95,28330,
2020,4,96,3412,
2020,4,97,1111,
2020,4,98,9265,
2020,4,99,4981,
2020,4,100,11972,
2020,4,101,751,
2020,4,102,522,
2020,4,103,592,
2020,4,104,363,
2020,4,105,631,
2020,4,106,629,
2020,4,107,475,
2020,4,108,384,
2020,4,109,2489,
2020,4,110,677,
2020,4,111,554,
2020,4,112,2912,
2020,4,113,2843,
2020,4,114,296,
2020,4,115,1854,
2020,5,1,2397,
2020,5,2,752,
2020,5,3,2544,
2020,5,4,4448,
2020,5,5,834,
2020,5,6,938,
2020,5,7,2617,
2020,5,8,1817,
2020,5,9,1645,
2020,5,10,1826,
2020,5,11,585,
2020,5,12,884,
2020,5,13,1022,
2020,5,14,2654,
2020,5,15,948,
2020,5,16,26192,
2020,5,17,3454,
2020,5,18,3064,
2020,5,19,2509,
2020,5,20,1781,
2020,5,21,1745,
2020,5,22,605,
2020,5,23,461,
2020,5,24,1672,
2020,5,25,1855,
2020,5,26,1808,
2020,5,27,1298,
2020,5,28,1175,
2020,5,29,2366,
2020,5,30,2128,
2020,5,31,2342,
2020,5,32,6505,
2020,5,33,8203,
2020,5,34,4592,
2020,5,35,3499,
2020,5,36,4491,
2020,5,37,1901,
2020,5,38,1981,
2020,5,39,2728,
2020,5,40,4952,
2020,5,41,1463,
2020,5,63,861,
2020,5,64,2831,
2020,5,65,794,
2020,5,66,456,
2020,5,67,1030,
2020,5,68,1780,
2020,5,69,365,
2020,5,70,773,
2020,5,71,689,
2020,5,72,617,
2020,5,73,1234,
2020,5,74,2778,
2020,5,75,1330,
2020,5,76,1906,
2020,5,77,1816,
2020,5,78,951,
2020,5,79,481,
2020,5,80,443,
2020,5,81,575,
2020,5,82,3123,
2020,5,83,1742,
2020,5,84,323,
2020,5,85,1056,
2020,5,86,18692,
2020,5,87,20333,
2020,5,88,19894,
2020,5,89,20976,
2020,5,90,32106,
2020,5,91,12418,
2020,5,92,5355,
2020,5,93,25034,
2020,5,94,26464,
2020,5,95,25460,
2020,5,96,3042,
2020,5,97,1219,
2020,5,98,8209,
2020,5,99,4265,
2020,5,100,10776,
2020,5,101,731,
2020,5,102,544,
2020,5,103,576,
2020,5,104,345,
2020,5,105,643,
2020,5,106,689,
2020,5,107,431,
2020,5,108,358,
2020,5,109,2341,
2020,5,110,469,
2020,5,111,498,
2020,5,112,2544,
2020,5,113,2545,
2020,5,114,258,
2020,5,115,1646,
2020,6,1,2799,
2020,6,2,254,
2020,6,3,2890,
2020,6,4,5888,
2020,6,5,1162,
2020,6,6,1188,
2020,6,7,2469,
2020,6,8,1679,
2020,6,9,1465,
2020,6,10,3538,
2020,6,11,528,
2020,6,12,1060,
2020,6,13,858,
2020,6,14,2312,
2020,6,15,1012,
2020,6,16,25340,
2020,6,17,3304,
2020,6,18,2950,
2020,6,19,2669,
2020,6,20,1541,
2020,6,21,1527,
2020,6,22,931,
2020,6,23,409,
2020,6,24,1834,
2020,6,25,1935,
2020,6,26,1720,
2020,6,27,1300,
2020,6,28,1181,
2020,6,29,3012,
2020,6,30,1850,
2020,6,31,3118,
2020,6,32,8535,
2020,6,33,7435,
2020,6,34,6208,
2020,6,35,4703,
2020,6,36,4151,
2020,6,37,1855,
2020,6,38,1689,
2020,6,39,2312,
2020,6,40,6688,
2020,6,41,2545,
2020,6,63,1037,
2020,6,64,2845,
2020,6,65,874,
2020,6,66,444,
2020,6,67,1000,
2020,6,68,1478,
2020,6,69,331,
2020,6,70,705,
2020,6,71,647,
2020,6,72,623,
2020,6,73,954,
2020,6,74,2822,
2020,6,75,1406,
2020,6,76,1916,
2020,6,77,1628,
2020,6,78,1027,
2020,6,79,487,
2020,6,80,403,
2020,6,81,543,
2020,6,82,3103,
2020,6,83,1780,
2020,6,84,315,
2020,6,85,978,
2020,6,86,16064,
2020,6,87,17175,
2020,6,88,17366,
2020,6,89,18318,
2020,6,90,27102,
2020,6,91,10254,
2020,6,92,4355,
2020,6,93,21804,
2020,6,94,22108,
2020,6,95,22220,
2020,6,96,2734,
2020,6,97,1081,
2020,6,98,6611,
2020,6,99,3623,
2020,6,100,9386,
2020,6,101,687,
2020,6,102,516,
2020,6,103,536,
2020,6,104,321,
2020,6,105,681,
2020,6,106,639,
2020,6,107,419,
2020,6,108,330,
2020,6,109,2213,
2020,6,110,593,
2020,6,111,524,
2020,6,112,2352,
2020,6,113,5083,
2020,6,114,242,
2020,6,115,3268,
2020,7,1,2641,
2020,7,2,1158,
2020,7,3,2658,
2020,7,4,5308,
2020,7,5,950,
2020,7,6,1090,
2020,7,7,2271,
2020,7,8,1395,
2020,7,9,1305,
2020,7,10,3182,
2020,7,11,504,
2020,7,12,1108,
2020,7,13,1082,
2020,7,14,2422,
2020,7,15,1070,
2020,7,16,24546,
2020,7,17,3422,
2020,7,18,3056,
2020,7,19,2627,
2020,7,20,1291,
2020,7,21,1391,
2020,7,22,859,
2020,7,23,521,
2020,7,24,1764,
2020,7,25,1725,
2020,7,26,1856,
2020,7,27,1284,
2020,7,28,1185,
2020,7,29,2426,
2020,7,30,1456,
2020,7,31,2864,
2020,7,32,7233,
2020,7,33,6369,
2020,7,34,5206,
2020,7,35,4131,
2020,7,36,5975,
2020,7,37,2949,
2020,7,38,1987,
2020,7,39,2980,
2020,7,40,5924,
2020,7,41,2277,
2020,7,63,881,
2020,7,64,2643,
2020,7,65,738,
2020,7,66,342,
2020,7,67,1110,
2020,7,68,1398,
2020,7,69,347,
2020,7,70,621,
2020,7,71,567,
2020,7,72,703,
2020,7,73,952,
2020,7,74,2678,
2020,7,75,1190,
2020,7,76,1710,
2020,7,77,1564,
2020,7,78,981,
2020,7,79,411,
2020,7,80,423,
2020,7,81,547,
2020,7,82,3079,
2020,7,83,1844,
2020,7,84,159,
2020,7,85,922,
2020,7,86,20870,
2020,7,87,21039,
2020,7,88,24458,
2020,7,89,28226,
2020,7,90,29628,
2020,7,91,15440,
2020,7,92,6415,
2020,7,93,25456,
2020,7,94,39482,
2020,7,95,25150,
2020,7,96,2418,
2020,7,97,1173,
2020,7,98,11015,
2020,7,99,5709,
2020,7,100,15030,
2020,7,101,679,
2020,7,102,576,
2020,7,103,510,
2020,7,104,307,
2020,7,105,735,
2020,7,106,695,
2020,7,107,411,
2020,7,108,310,
2020,7,109,2057,
2020,7,110,507,
2020,7,111,492,
2020,7,112,2230,
2020,7,113,4837,
2020,7,114,226,
2020,7,115,3064,
2020,8,1,2803,
2020,8,2,728,
2020,8,3,3098,
2020,8,4,5128,
2020,8,5,788,
2020,8,6,1038,
2020,8,7,2215,
2020,8,8,3079,
2020,8,9,1115,
2020,8,10,2982,
2020,8,11,664,
2020,8,12,1322,
2020,8,13,1266,
2020,8,14,2482,
2020,8,15,1056,
2020,8,16,23962,
2020,8,17,3448,
2020,8,18,3356,
2020,8,19,2647,
2020,8,20,2995,
2020,8,21,2217,
2020,8,22,829,
2020,8,23,455,
2020,8,24,1892,
2020,8,25,1773,
2020,8,26,1910,
2020,8,27,1336,
2020,8,28,1275,
2020,8,29,2214,
2020,8,30,2800,
2020,8,31,2524,
2020,8,32,6645,
2020,8,33,7793,
2020,8,34,4884,
2020,8,35,3649,
2020,8,36,5591,
2020,8,37,2771,
2020,8,38,1835,
2020,8,39,2658,
2020,8,40,5856,
2020,8,41,2157,
2020,8,63,1257,
2020,8,64,2855,
2020,8,65,934,
2020,8,66,474,
2020,8,67,1220,
2020,8,68,1440,
2020,8,69,365,
2020,8,70,699,
2020,8,71,537,
2020,8,72,751,
2020,8,73,1018,
2020,8,74,3142,
2020,8,75,1214,
2020,8,76,1924,
2020,8,77,1890,
2020,8,78,1035,
2020,8,79,563,
2020,8,80,541,
2020,8,81,573,
2020,8,82,3479,
2020,8,83,1952,
2020,8,84,91,
2020,8,85,958,
2020,8,86,19396,
2020,8,87,18585,
2020,8,88,21682,
2020,8,89,25366,
2020,8,90,26930,
2020,8,91,13946,
2020,8,92,5987,
2020,8,93,22256,
2020,8,94,35542,
2020,8,95,22738,
2020,8,96,2032,
2020,8,97,1073,
2020,8,98,9835,
2020,8,99,4937,
2020,8,100,13740,
2020,8,101,719,
2020,8,102,648,
2020,8,103,488,
2020,8,104,295,
2020,8,105,821,
2020,8,106,751,
2020,8,107,395,
2020,8,108,290,
2020,8,109,1907,
2020,8,110,741,
2020,8,111,580,
2020,8,112,2096,
2020,8,113,4721,
2020,8,114,216,
2020,8,115,2976,
2020,9,1,2285,
2020,9,2,500,
2020,9,3,2706,
2020,9,4,6662,
2020,9,5,1324,
2020,9,6,910,
2020,9,7,3331,
2020,9,8,2911,
2020,9,9,911,
2020,9,10,2648,
2020,9,11,744,
2020,9,12,1300,
2020,9,13,1218,
2020,9,14,2600,
2020,9,15,1030,
2020,9,16,22848,
2020,9,17,3432,
2020,9,18,3546,
2020,9,19,2429,
2020,9,20,2821,
2020,9,21,1987,
2020,9,22,783,
2020,9,23,421,
2020,9,24,1788,
2020,9,25,1581,
2020,9,26,1708,
2020,9,27,1378,
2020,9,28,1373,
2020,9,29,3206,
2020,9,30,2548,
2020,9,31,3366,
2020,9,32,8819,
2020,9,33,6993,
2020,9,34,6958,
2020,9,35,5563,
2020,9,36,4909,
2020,9,37,2447,
2020,9,38,1589,
2020,9,39,2402,
2020,9,40,4904,
2020,9,41,1893,
2020,9,63,1173,
2020,9,64,2627,
2020,9,65,686,
2020,9,66,664,
2020,9,67,1228,
2020,9,68,1694,
2020,9,69,453,
2020,9,70,719,
2020,9,71,669,
2020,9,72,695,
2020,9,73,1118,
2020,9,74,3322,
2020,9,75,1562,
2020,9,76,2372,
2020,9,77,2040,
2020,9,78,851,
2020,9,79,677,
2020,9,80,585,
2020,9,81,745,
2020,9,82,3451,
2020,9,83,2044,
2020,9,84,115,
2020,9,85,1038,
2020,9,86,17864,
2020,9,87,16763,
2020,9,88,20340,
2020,9,89,23218,
2020,9,90,23604,
2020,9,91,13326,
2020,9,92,5181,
2020,9,93,21076,
2020,9,94,32306,
2020,9,95,20988,
2020,9,96,1802,
2020,9,97,1267,
2020,9,98,9517,
2020,9,99,4421,
2020,9,100,12818,
2020,9,101,761,
2020,9,102,642,
2020,9,103,452,
2020,9,104,267,
2020,9,105,759,
2020,9,106,749,
2020,9,107,359,
2020,9,108,234,
2020,9,109,1621,
2020,9,110,609,
2020,9,111,540,
2020,9,112,1744,
2020,9,113,4357,
2020,9,114,178,
2020,9,115,2408,
2020,10,1,1689,
2020,10,2,628,
2020,10,3,2672,
2020,10,4,5498,
2020,10,5,946,
2020,10,6,756,
2020,10,7,3061,
2020,10,8,2415,
2020,10,9,1871,
2020,10,10,1992,
2020,10,11,538,
2020,10,12,828,
2020,10,13,792,
2020,10,14,2064,
2020,10,15,890,
2020,10,16,21492,
2020,10,17,2832,
2020,10,18,3148,
2020,10,19,2077,
2020,10,20,2431,
2020,10,21,1621,
2020,10,22,635,
2020,10,23,483,
2020,10,24,1662,
2020,10,25,1605,
2020,10,26,1452,
2020,10,27,1186,
2020,10,28,1181,
2020,10,29,2450,
2020,10,30,2020,
2020,10,31,2714,
2020,10,32,6879,
2020,10,33,5285,
2020,10,34,5410,
2020,10,35,4421,
2020,10,36,5563,
2020,10,37,2969,
2020,10,38,2057,
2020,10,39,2958,
2020,10,40,7264,
2020,10,41,1505,
2020,10,63,847,
2020,10,64,2881,
2020,10,65,-166,
2020,10,66,468,
2020,10,67,920,
2020,10,68,1676,
2020,10,69,343,
2020,10,70,639,
2020,10,71,525,
2020,10,72,643,
2020,10,73,686,
2020,10,74,2598,
2020,10,75,996,
2020,10,76,1966,
2020,10,77,1662,
2020,10,78,405,
2020,10,79,475,
2020,10,80,523,
2020,10,81,591,
2020,10,82,2903,
2020,10,83,1572,
2020,10,84,463,
2020,10,85,1004,
2020,10,86,15020,
2020,10,87,16763,
2020,10,88,20220,
2020,10,89,23108,
2020,10,90,22948,
2020,10,91,13016,
2020,10,92,5155,
2020,10,93,20990,
2020,10,94,32284,
2020,10,95,20684,
2020,10,96,2042,
2020,10,97,1227,
2020,10,98,9307,
2020,10,99,4221,
2020,10,100,10482,
2020,10,101,737,
2020,10,102,646,
2020,10,103,376,
2020,10,104,229,
2020,10,105,715,
2020,10,106,709,
2020,10,107,331,
2020,10,108,200,
2020,10,109,1323,
2020,10,110,691,
2020,10,111,544,
2020,10,112,1318,
2020,10,113,4111,
2020,10,114,130,
2020,10,115,1826,
2020,11,1,1829,
2020,11,2,2262,
2020,11,3,2092,
2020,11,4,4960,
2020,11,5,888,
2020,11,6,1146,
2020,11,7,2901,
2020,11,8,2119,
2020,11,9,1693,
2020,11,10,1706,
2020,11,11,512,
2020,11,12,922,
2020,11,13,748,
2020,11,14,2300,
2020,11,15,840,
2020,11,16,21166,
2020,11,17,2768,
2020,11,18,3108,
2020,11,19,2249,
2020,11,20,2197,
2020,11,21,1513,
2020,11,22,571,
2020,11,23,457,
2020,11,24,1758,
2020,11,25,1717,
2020,11,26,1488,
2020,11,27,1216,
2020,11,28,993,
2020,11,29,2344,
2020,11,30,1680,
2020,11,31,2382,
2020,11,32,6151,
2020,11,33,6745,
2020,11,34,5094,
2020,11,35,3741,
2020,11,36,4685,
2020,11,37,2287,
2020,11,38,1775,
2020,11,39,2468,
2020,11,40,6348,
2020,11,41,1283,
2020,11,63,1065,
2020,11,64,3259,
2020,11,65,202,
2020,11,66,428,
2020,11,67,970,
2020,11,68,1744,
2020,11,69,493,
2020,11,70,725,
2020,11,71,587,
2020,11,72,615,
2020,11,73,780,
2020,11,74,3084,
2020,11,75,1260,
2020,11,76,2096,
2020,11,77,1654,
2020,11,78,469,
2020,11,79,533,
2020,11,80,549,
2020,11,81,615,
2020,11,82,2905,
2020,11,83,1612,
2020,11,84,915,
2020,11,85,906,
2020,11,86,14268,
2020,11,87,16389,
2020,11,88,19004,
2020,11,89,22748,
2020,11,90,22446,
2020,11,91,12378,
2020,11,92,5133,
2020,11,93,20360,
2020,11,94,31452,
2020,11,95,19430,
2020,11,96,1872,
2020,11,97,1155,
2020,11,98,9267,
2020,11,99,4107,
2020,11,100,8992,
2020,11,101,775,
2020,11,102,658,
2020,11,103,328,
2020,11,104,197,
2020,11,105,723,
2020,11,106,735,
2020,11,107,309,
2020,11,108,182,
2020,11,109,1211,
2020,11,110,455,
2020,11,111,498,
2020,11,112,5480,
2020,11,113,3813,
2020,11,114,84,
2020,11,115,1608,
2020,12,1,2157,
2020,12,2,1552,
2020,12,3,3396,
2020,12,4,6734,
2020,12,5,1922,
2020,12,6,1122,
2020,12,7,2629,
2020,12,8,2039,
2020,12,9,1453,
2020,12,10,1438,
2020,12,11,616,
2020,12,12,1010,
2020,12,13,874,
2020,12,14,2436,
2020,12,15,1006,
2020,12,16,20716,
2020,12,17,3002,
2020,12,18,3218,
2020,12,19,2351,
2020,12,20,1955,
2020,12,21,1387,
2020,12,22,535,
2020,12,23,435,
2020,12,24,2084,
2020,12,25,1713,
2020,12,26,1474,
2020,12,27,1212,
2020,12,28,1427,
2020,12,29,3608,
2020,12,30,2970,
2020,12,31,3114,
2020,12,32,7813,
2020,12,33,5835,
2020,12,34,6772,
2020,12,35,5469,
2020,12,36,4211,
2020,12,37,2243,
2020,12,38,1611,
2020,12,39,2356,
2020,12,40,5010,
2020,12,41,1243,
2020,12,63,1219,
2020,12,64,3461,
2020,12,65,758,
2020,12,66,416,
2020,12,67,1068,
2020,12,68,1734,
2020,12,69,545,
2020,12,70,715,
2020,12,71,693,
2020,12,72,651,
2020,12,73,824,
2020,12,74,2986,
2020,12,75,1512,
2020,12,76,1896,
2020,12,77,1884,
2020,12,78,617,
2020,12,79,511,
2020,12,80,587,
2020,12,81,571,
2020,12,82,2715,
2020,12,83,1558,
2020,12,84,697,
2020,12,85,1068,
2020,12,86,13424,
2020,12,87,15813,
2020,12,88,18692,
2020,12,89,21840,
2020,12,90,22114,
2020,12,91,12250,
2020,12,92,4927,
2020,12,93,19226,
2020,12,94,30936,
2020,12,95,18328,
2020,12,96,1808,
2020,12,97,1115,
2020,12,98,8915,
2020,12,99,4031,
2020,12,100,8356,
2020,12,101,909,
2020,12,102,688,
2020,12,103,300,
2020,12,104,175,
2020,12,105,737,
2020,12,106,819,
2020,12,107,287,
2020,12,108,168,
2020,12,109,1051,
2020,12,110,829,
2020,12,111,652,
2020,12,112,5320,
2020,12,113,3571,
2020,12,114,46,
2020,12,115,1328,
2021,1,1,2677,
2021,1,2,4760,
2021,1,3,2760,
2021,1,4,6074,
2021,1,5,1658,
2021,1,6,1060,
2021,1,7,2367,
2021,1,8,1725,
2021,1,9,1407,
2021,1,10,3952,
2021,1,11,676,
2021,1,12,1138,
2021,1,13,1030,
2021,1,14,2682,
2021,1,15,922,
2021,1,16,20096,
2021,1,17,2796,
2021,1,18,3362,
2021,1,19,2147,
2021,1,20,1693,
2021,1,21,1119,
2021,1,22,1187,
2021,1,23,757,
2021,1,24,2434,
2021,1,25,1811,
2021,1,26,1584,
2021,1,27,1290,
2021,1,28,1889,
2021,1,29,3178,
2021,1,30,2562,
2021,1,31,2832,
2021,1,32,7099,
2021,1,33,5209,
2021,1,34,5802,
2021,1,35,5025,
2021,1,36,7039,
2021,1,37,3713,
2021,1,38,2619,
2021,1,39,4370,
2021,1,40,4852,
2021,1,41,3525,
2021,1,42,3595,
2021,1,43,6465,
2021,1,44,6432,
2021,1,45,1858,
2021,1,46,1766,
2021,1,47,5397,
2021,1,48,1946,
2021,1,49,1144,
2021,1,50,18315,
2021,1,51,9048,
2021,1,52,5848,
2021,1,53,7340,
2021,1,54,7103,
2021,1,55,4240,
2021,1,56,8140,
2021,1,57,1694,
2021,1,58,1839,
2021,1,59,673,
2021,1,60,8129,
2021,1,61,7695,
2021,1,62,2932,
2021,1,63,1479,
2021,1,64,3491,
2021,1,65,962,
2021,1,66,480,
2021,1,67,1042,
2021,1,68,1688,
2021,1,69,459,
2021,1,70,797,
2021,1,71,843,
2021,1,72,725,
2021,1,73,922,
2021,1,74,3088,
2021,1,75,2094,
2021,1,76,2104,
2021,1,77,1790,
2021,1,78,787,
2021,1,79,573,
2021,1,80,567,
2021,1,81,581,
2021,1,82,2621,
2021,1,83,1724,
2021,1,84,477,
2021,1,85,1122,
2021,1,86,19926,
2021,1,87,25943,
2021,1,88,25116,
2021,1,89,25348,
2021,1,90,35326,
2021,1,91,17620,
2021,1,92,7625,
2021,1,93,22336,
2021,1,94,33356,
2021,1,95,24656,
2021,1,96,2104,
2021,1,97,1085,
2021,1,98,11089,
2021,1,99,6463,
2021,1,100,13528,
2021,1,101,1045,
2021,1,102,732,
2021,1,103,254,
2021,1,104,145,
2021,1,105,855,
2021,1,106,811,
2021,1,107,261,
2021,1,108,150,
2021,1,109,861,
2021,1,110,813,
2021,1,111,624,
2021,1,112,5108,
2021,1,113,6357,
2021,1,114,626,
2021,1,115,1126,
2021,2,1,2921,
2021,2,2,4064,
2021,2,3,4306,
2021,2,4,5866,
2021,2,5,1214,
2021,2,6,904,
2021,2,7,2279,
2021,2,8,3873,
2021,2,9,1255,
2021,2,10,3758,
2021,2,11,676,
2021,2,12,1014,
2021,2,13,1196,
2021,2,14,3150,
2021,2,15,902,
2021,2,16,19380,
2021,2,17,3132,
2021,2,18,3834,
2021,2,19,2405,
2021,2,20,3511,
2021,2,21,3355,
2021,2,22,1085,
2021,2,23,631,
2021,2,24,2692,
2021,2,25,1617,
2021,2,26,1656,
2021,2,27,1364,
2021,2,28,1935,
2021,2,29,2812,
2021,2,30,2314,
2021,2,31,2484,
2021,2,32,6473,
2021,2,33,9875,
2021,2,34,5118,
2021,2,35,4765,
2021,2,36,6411,
2021,2,37,3311,
2021,2,38,2277,
2021,2,39,4028,
2021,2,40,9552,
2021,2,41,3295,
2021,2,42,3721,
2021,2,43,6673,
2021,2,44,6636,
2021,2,45,1930,
2021,2,46,1888,
2021,2,47,5729,
2021,2,48,2032,
2021,2,49,1134,
2021,2,50,18133,
2021,2,51,9486,
2021,2,52,6112,
2021,2,53,7228,
2021,2,54,7431,
2021,2,55,4644,
2021,2,56,8000,
2021,2,57,1849,
2021,2,58,1791,
2021,2,59,749,
2021,2,60,8019,
2021,2,61,7925,
2021,2,62,2986,
2021,2,63,1951,
2021,2,64,4135,
2021,2,65,1542,
2021,2,66,638,
2021,2,67,1034,
2021,2,68,1904,
2021,2,69,639,
2021,2,70,945,
2021,2,71,1041,
2021,2,72,911,
2021,2,73,1324,
2021,2,74,3140,
2021,2,75,2480,
2021,2,76,2492,
2021,2,77,2312,
2021,2,78,937,
2021,2,79,743,
2021,2,80,727,
2021,2,81,753,
2021,2,82,2807,
2021,2,83,2026,
2021,2,84,401,
2021,2,85,1288,
2021,2,86,19488,
2021,2,87,25395,
2021,2,88,24360,
2021,2,89,24796,
2021,2,90,34620,
2021,2,91,17256,
2021,2,92,7417,
2021,2,93,21870,
2021,2,94,32800,
2021,2,95,24250,
2021,2,96,2104,
2021,2,97,1049,
2021,2,98,10829,
2021,2,99,6419,
2021,2,100,13232,
2021,2,101,1161,
2021,2,102,798,
2021,2,103,250,
2021,2,104,135,
2021,2,105,1005,
2021,2,106,853,
2021,2,107,261,
2021,2,108,138,
2021,2,109,4391,
2021,2,110,1313,
2021,2,111,806,
2021,2,112,4914,
2021,2,113,6227,
2021,2,114,606,
2021,2,115,784,
2021,3,1,3111,
2021,3,2,3436,
2021,3,3,3852,
2021,3,4,7304,
2021,3,5,2212,
2021,3,6,780,
2021,3,7,3803,
2021,3,8,3445,
2021,3,9,939,
2021,3,10,3474,
2021,3,11,558,
2021,3,12,1054,
2021,3,13,1146,
2021,3,14,3054,
2021,3,15,890,
2021,3,16,18678,
2021,3,17,3658,
2021,3,18,3368,
2021,3,19,2287,
2021,3,20,3293,
2021,3,21,3109,
2021,3,22,1043,
2021,3,23,571,
2021,3,24,2574,
2021,3,25,1635,
2021,3,26,1792,
2021,3,27,1580,
2021,3,28,1877,
2021,3,29,4386,
2021,3,30,1822,
2021,3,31,4612,
2021,3,32,11811,
2021,3,33,7789,
2021,3,34,9238,
2021,3,35,7731,
2021,3,36,5215,
2021,3,37,3107,
2021,3,38,1661,
2021,3,39,3546,
2021,3,40,8602,
2021,3,41,2997,
2021,3,42,3591,
2021,3,43,6397,
2021,3,44,6378,
2021,3,45,1856,
2021,3,46,1886,
2021,3,47,5905,
2021,3,48,1946,
2021,3,49,1064,
2021,3,50,25053,
2021,3,51,9866,
2021,3,52,6162,
2021,3,53,7402,
2021,3,54,7167,
2021,3,55,4692,
2021,3,56,7570,
2021,3,57,1774,
2021,3,58,1831,
2021,3,59,857,
2021,3,60,9579,
2021,3,61,7491,
2021,3,62,2760,
2021,3,63,2145,
2021,3,64,4295,
2021,3,65,1966,
2021,3,66,724,
2021,3,67,1202,
2021,3,68,1658,
2021,3,69,683,
2021,3,70,927,
2021,3,71,1179,
2021,3,72,1005,
2021,3,73,1464,
2021,3,74,3356,
2021,3,75,2762,
2021,3,76,2438,
2021,3,77,2806,
2021,3,78,1053,
2021,3,79,715,
2021,3,80,899,
2021,3,81,709,
2021,3,82,2655,
2021,3,83,2132,
2021,3,84,179,
2021,3,85,1312,
2021,3,86,18468,
2021,3,87,22709,
2021,3,88,22266,
2021,3,89,23022,
2021,3,90,32272,
2021,3,91,15620,
2021,3,92,6943,
2021,3,93,20330,
2021,3,94,29426,
2021,3,95,22122,
2021,3,96,1856,
2021,3,97,1567,
2021,3,98,10111,
2021,3,99,5655,
2021,3,100,12390,
2021,3,101,1153,
2021,3,102,768,
2021,3,103,554,
2021,3,104,937,
2021,3,105,1011,
2021,3,106,847,
2021,3,107,967,
2021,3,108,1014,
2021,3,109,4925,
2021,3,110,867,
2021,3,111,616,
2021,3,112,4142,
2021,3,113,5669,
2021,3,114,540,
2021,3,115,3960,
2021,4,1,2939,
2021,4,2,5920,
2021,4,3,4866,
2021,4,4,6602,
2021,4,5,1852,
2021,4,6,1212,
2021,4,7,3333,
2021,4,8,3047,
2021,4,9,2499,
2021,4,10,2610,
2021,4,11,480,
2021,4,12,714,
2021,4,13,1064,
2021,4,14,2648,
2021,4,15,730,
2021,4,16,37662,
2021,4,17,3698,
2021,4,18,2628,
2021,4,19,2147,
2021,4,20,2813,
2021,4,21,2689,
2021,4,22,855,
2021,4,23,841,
2021,4,24,2426,
2021,4,25,1761,
2021,4,26,1838,
2021,4,27,1578,
2021,4,28,1769,
2021,4,29,3220,
2021,4,30,3314,
2021,4,31,3852,
2021,4,32,10159,
2021,4,33,6205,
2021,4,34,7062,
2021,4,35,6791,
2021,4,36,8241,
2021,4,37,4031,
2021,4,38,2449,
2021,4,39,4642,
2021,4,40,7466,
2021,4,41,2657,
2021,4,42,3271,
2021,4,43,6147,
2021,4,44,5822,
2021,4,45,1676,
2021,4,46,1802,
2021,4,47,5605,
2022,12,23,1985,
2022,12,24,7992,
2022,12,25,5039,
2022,12,26,4544,
2022,12,27,3904,
2022,12,28,4969,
2022,12,29,9260,
2022,12,30,7152,
2022,12,31,12272,
2022,12,32,23061,
2022,12,33,23231,
2022,12,34,28148,
2022,12,35,16939,
2022,12,36,13557,
2022,12,37,5513,
2022,12,38,4387,
2022,12,39,9074,
2022,12,40,12144,
2022,12,41,5193,
2022,12,42,4857,
2022,12,43,7411,
2022,12,44,8922,
2022,12,45,2912,
2022,12,46,3338,
2022,12,47,8519,
2022,12,48,3418,
2022,12,49,1622,
2022,12,50,45455,
2022,12,51,12584,
2022,12,52,7354,
2022,12,53,8464,
2022,12,54,13049,
2022,12,55,8514,
2022,12,56,14006,
2022,12,57,4593,
2022,12,58,4861,
2022,12,59,2953,
2022,12,60,14109,
2022,12,61,10025,
2022,12,62,8552,
2022,12,63,5241,
2022,12,64,12605,
2022,12,65,3926,
2022,12,66,1694,
2022,12,67,1790,
2022,12,68,5724,
2022,12,69,1451,
2022,12,70,2645,
2022,12,71,3043,
2022,12,72,4197,
2022,12,73,7894,
2022,12,74,19542,
2022,12,75,4962,
2022,12,76,10724,
2022,12,77,4422,
2022,12,78,645,
2022,12,79,1579,
2022,12,80,1979,
2022,12,81,1741,
2022,12,82,4247,
2022,12,83,3402,
2022,12,84,1799,
2022,12,85,1818,
2022,12,86,4194,
2022,12,87,14449,
2022,12,88,7478,
2022,12,89,8560,
2022,12,90,16804,
2022,12,91,8450,
2022,12,92,4193,
2022,12,93,12674,
2022,12,94,10030,
2022,12,95,7886,
2022,12,96,1966,
2022,12,97,1139,
2022,12,98,5659,
2022,12,99,3295,
2022,12,100,2354,
2022,12,101,2037,
2022,12,102,1510,
2022,12,103,670,
2022,12,104,853,
2022,12,105,1581,
2022,12,106,1553,
2022,12,107,673,
2022,12,108,862,
2022,12,109,2065,
2022,12,110,2425,
2022,12,111,1128,
2022,12,112,7810,
2022,12,113,3485,
2022,12,114,350,
2022,12,115,3310,
