PRODUCT_NUMBER,YEAR,MONTH,EXPECTED_VOLUME
44,2022,12,383
45,2021,1,80
45,2021,2,51
45,2021,3,214
45,2021,4,300
45,2021,5,141
45,2021,6,210
45,2021,7,133
45,2021,8,223
45,2021,9,98
45,2021,10,211
45,2021,11,53
45,2021,12,90
45,2022,1,71
45,2022,2,72
45,2022,3,234
45,2022,4,184
45,2022,5,116
45,2022,6,204
45,2022,7,113
45,2022,8,122
45,2022,9,166
45,2022,10,368
45,2022,11,38
45,2022,12,218
46,2021,1,76
46,2021,2,34
46,2021,3,158
46,2021,4,224
46,2021,5,275
46,2021,6,159
46,2021,7,72
46,2021,8,105
46,2021,9,124
46,2021,10,249
46,2021,11,35
46,2021,12,84
46,2022,1,19
46,2022,2,62
46,2022,3,127
46,2022,4,107
46,2022,5,192
46,2022,6,205
46,2022,7,52
46,2022,8,128
46,2022,9,235
46,2022,10,380
46,2022,11,154
46,2022,12,218
47,2021,1,102
47,2021,2,130
47,2021,3,389
47,2021,4,841
47,2021,5,444
47,2021,6,664
47,2021,7,429
47,2021,8,282
47,2021,9,286
47,2021,10,781
47,2021,11,118
47,2021,12,468
47,2022,1,200
47,2022,2,119
47,2022,3,402
47,2022,4,730
47,2022,5,349
47,2022,6,698
47,2022,7,378
47,2022,8,418
47,2022,9,611
47,2022,10,1199
47,2022,11,408
47,2022,12,240
48,2021,1,62
48,2021,2,36
48,2021,3,187
48,2021,4,128
48,2021,5,79
48,2021,6,93
48,2021,7,182
48,2021,8,57
48,2021,9,278
48,2021,10,459
48,2021,11,181
48,2021,12,91
48,2022,1,78
48,2022,2,117
48,2022,3,259
48,2022,4,264
48,2022,5,193
48,2022,6,179
48,2022,7,194
48,2022,8,196
48,2022,9,174
48,2022,10,428
48,2022,11,88
48,2022,12,76
49,2021,1,35
49,2021,2,10
49,2021,3,55
49,2021,4,244
49,2021,5,100
49,2021,6,110
49,2021,7,90
49,2021,8,89
49,2021,9,90
49,2021,10,205
49,2021,11,97
49,2021,12,35
49,2022,1,50
49,2022,2,21
49,2022,3,111
49,2022,4,59
49,2022,5,135
49,2022,6,126
49,2022,7,61
49,2022,8,104
49,2022,9,121
49,2022,10,178
49,2022,11,58
49,2022,12,79
50,2021,1,1001
50,2021,2,201
50,2021,3,1778
50,2021,4,3060
50,2021,5,1459
50,2021,6,2239
50,2021,7,1453
50,2021,8,1390
50,2021,9,2300
50,2021,10,2468
50,2021,11,487
50,2021,12,998
50,2022,1,781
50,2022,2,304
50,2022,3,1423
50,2022,4,1834
50,2022,5,1832
50,2022,6,2374
50,2022,7,2943
50,2022,8,1253
50,2022,9,1440
50,2022,10,5024
50,2022,11,1762
50,2022,12,677
51,2021,1,452
51,2021,2,157
51,2021,3,608
51,2021,4,898
51,2021,5,689
51,2021,6,1424
51,2021,7,474
51,2021,8,522
51,2021,9,612
51,2021,10,1966
51,2021,11,247
51,2021,12,543
51,2022,1,559
51,2022,2,266
51,2022,3,1133
51,2022,4,1003
51,2022,5,679
51,2022,6,1453
51,2022,7,293
51,2022,8,715
51,2022,9,959
51,2022,10,1991
51,2022,11,535
51,2022,12,293
52,2021,1,324
52,2021,2,238
52,2021,3,386
52,2021,4,1032
52,2021,5,218
52,2021,6,446
52,2021,7,275
52,2021,8,377
52,2021,9,300
52,2021,10,1539
52,2021,11,341
52,2021,12,295
52,2022,1,123
52,2022,2,180
52,2022,3,363
52,2022,4,647
52,2022,5,373
52,2022,6,606
52,2022,7,390
52,2022,8,701
52,2022,9,70
52,2022,10,1466
52,2022,11,511
52,2022,12,640
53,2021,1,163
53,2021,2,728
53,2021,3,476
53,2021,4,943
53,2021,5,252
53,2021,6,500
53,2021,7,664
53,2021,8,260
53,2021,9,724
53,2021,10,1459
53,2021,11,435
53,2021,12,395
53,2022,1,99
53,2022,2,281
53,2022,3,1038
53,2022,4,1337
53,2022,5,509
53,2022,6,787
53,2022,7,514
53,2022,8,641
53,2022,9,664
53,2022,10,1817
53,2022,11,755
53,2022,12,414
54,2021,1,313
54,2021,2,31
54,2021,3,513
54,2021,4,1058
54,2021,5,396
54,2021,6,474
54,2021,7,429
54,2021,8,465
54,2021,9,633
54,2021,10,1376
54,2021,11,584
54,2021,12,465
54,2022,1,63
54,2022,2,56
54,2022,3,521
54,2022,4,1182
54,2022,5,639
54,2022,6,660
54,2022,7,568
54,2022,8,510
54,2022,9,503
54,2022,10,1581
54,2022,11,381
54,2022,12,719
55,2021,1,514
55,2021,2,310
55,2021,3,585
55,2021,4,1217
55,2021,5,886
55,2021,6,1175
55,2021,7,738
55,2021,8,634
55,2021,9,784
55,2021,10,2335
55,2021,11,359
55,2021,12,390
55,2022,1,65
55,2022,2,303
55,2022,3,1432
55,2022,4,1653
55,2022,5,824
55,2022,6,917
55,2022,7,980
55,2022,8,533
55,2022,9,598
55,2022,10,2911
55,2022,11,609
55,2022,12,830
56,2021,1,150
56,2021,2,127
56,2021,3,354
56,2021,4,502
56,2021,5,530
56,2021,6,620
56,2021,7,426
56,2021,8,188
56,2021,9,289
56,2021,10,824
56,2021,11,171
56,2021,12,562
56,2022,1,317
56,2022,2,82
56,2022,3,456
56,2022,4,667
56,2022,5,447
56,2022,6,479
56,2022,7,515
56,2022,8,385
56,2022,9,440
56,2022,10,1074
56,2022,11,35
56,2022,12,355
57,2021,1,149
57,2021,2,116
57,2021,3,277
57,2021,4,436
57,2021,5,356
57,2021,6,341
57,2021,7,348
57,2021,8,217
57,2021,9,502
57,2021,10,726
57,2021,11,110
57,2021,12,120
57,2022,1,100
57,2022,2,91
57,2022,3,494
57,2022,4,830
57,2022,5,202
57,2022,6,597
57,2022,7,323
57,2022,8,248
57,2022,9,253
57,2022,10,765
57,2022,11,86
57,2022,12,182
58,2021,1,138
58,2021,2,252
58,2021,3,384
58,2021,4,577
58,2021,5,293
58,2021,6,456
58,2021,7,297
58,2021,8,248
58,2021,9,434
58,2021,10,1305
58,2021,11,365
58,2021,12,422
58,2022,1,167
58,2022,2,96
58,2022,3,525
58,2022,4,468
58,2022,5,596
58,2022,6,658
58,2022,7,562
58,2022,8,554
58,2022,9,489
58,2022,10,844
58,2022,11,404
58,2022,12,257
59,2021,1,166
59,2021,2,136
59,2021,3,329
59,2021,4,397
59,2021,5,123
59,2021,6,389
59,2021,7,295
59,2021,8,220
59,2021,9,226
59,2021,10,818
59,2021,11,111
59,2021,12,106
59,2022,1,85
59,2022,2,91
59,2022,3,416
59,2022,4,568
59,2022,5,337
59,2022,6,348
59,2022,7,264
59,2022,8,251
59,2022,9,185
59,2022,10,863
59,2022,11,171
59,2022,12,151
60,2021,1,477
60,2021,2,108
60,2021,3,748
60,2021,4,842
60,2021,5,520
60,2021,6,866
60,2021,7,972
60,2021,8,538
60,2021,9,729
60,2021,10,1155
60,2021,11,543
60,2021,12,426
60,2022,1,93
60,2022,2,522
60,2022,3,448
60,2022,4,1612
60,2022,5,592
60,2022,6,997
60,2022,7,861
60,2022,8,600
60,2022,9,490
60,2022,10,1342
60,2022,11,717
60,2022,12,486
61,2021,1,362
61,2021,2,329
61,2021,3,916
61,2021,4,1570
61,2021,5,1059
61,2021,6,1009
61,2021,7,1024
61,2021,8,721
61,2021,9,663
61,2021,10,1412
61,2021,11,510
61,2021,12,697
61,2022,1,632
61,2022,2,397
61,2022,3,1568
61,2022,4,1891
61,2022,5,306
61,2022,6,777
61,2022,7,1156
61,2022,8,761
61,2022,9,833
61,2022,10,3078
61,2022,11,446
61,2022,12,828
62,2021,1,218
62,2021,2,456
62,2021,3,834
62,2021,4,1475
62,2021,5,633
62,2021,6,1451
62,2021,7,1001
62,2021,8,539
62,2021,9,653
62,2021,10,2359
62,2021,11,566
62,2021,12,765
62,2022,1,945
62,2022,2,45
62,2022,3,1010
62,2022,4,1820
62,2022,5,802
62,2022,6,1731
62,2022,7,555
62,2022,8,392
62,2022,9,668
62,2022,10,2592
62,2022,11,642
62,2022,12,903
63,2020,1,166
63,2020,2,131
63,2020,3,118
63,2020,4,613
63,2020,5,343
63,2020,6,480
63,2020,7,754
63,2020,8,111
63,2020,9,518
63,2020,10,954
63,2020,11,101
63,2020,12,130
63,2021,1,313
63,2021,2,130
63,2021,3,442
63,2021,4,717
63,2021,5,338
63,2021,6,605
63,2021,7,716
63,2021,8,330
63,2021,9,493
63,2021,10,912
63,2021,11,159
63,2021,12,182
63,2022,1,293
63,2022,2,163
63,2022,3,362
63,2022,4,957
63,2022,5,253
63,2022,6,937
63,2022,7,641
63,2022,8,606
63,2022,9,902
63,2022,10,1045
63,2022,11,106
63,2022,12,286
64,2020,1,391
64,2020,2,183
64,2020,3,591
64,2020,4,646
64,2020,5,511
64,2020,6,653
64,2020,7,783
64,2020,8,798
64,2020,9,1226
64,2020,10,2189
64,2020,11,403
64,2020,12,632
64,2021,1,812
64,2021,2,337
64,2021,3,921
64,2021,4,1139
64,2021,5,1015
64,2021,6,1278
64,2021,7,1115
64,2021,8,1137
64,2021,9,1489
64,2021,10,2828
64,2021,11,848
64,2021,12,264
64,2022,1,246
64,2022,2,195
64,2022,3,1815
64,2022,4,2630
64,2022,5,430
64,2022,6,1383
64,2022,7,1917
64,2022,8,812
64,2022,9,1271
64,2022,10,3280
64,2022,11,450
64,2022,12,853
65,2020,1,227
65,2020,2,254
65,2020,3,286
65,2020,4,289
65,2020,5,352
65,2020,6,340
65,2020,7,598
65,2020,8,197
65,2020,9,641
65,2020,10,1555
65,2020,11,292
65,2020,12,261
65,2021,1,625
65,2021,2,211
65,2021,3,368
65,2021,4,1252
65,2021,5,168
65,2021,6,680
65,2021,7,570
65,2021,8,259
65,2021,9,1100
65,2021,10,1515
65,2021,11,418
65,2021,12,513
65,2022,1,382
65,2022,2,101
65,2022,3,860
65,2022,4,1350
65,2022,5,618
65,2022,6,806
65,2022,7,799
65,2022,8,520
65,2022,9,1011
65,2022,10,1679
65,2022,11,666
65,2022,12,400
66,2020,1,65
66,2020,2,81
66,2020,3,131
66,2020,4,43
66,2020,5,136
66,2020,6,87
66,2020,7,181
66,2020,8,65
66,2020,9,126
66,2020,10,491
66,2020,11,91
66,2020,12,98
66,2021,1,148
66,2021,2,41
66,2021,3,128
66,2021,4,294
66,2021,5,164
66,2021,6,321
66,2021,7,153
66,2021,8,133
66,2021,9,365
66,2021,10,533
66,2021,11,173
66,2021,12,152
66,2022,1,128
66,2022,2,253
66,2022,3,404
66,2022,4,175
66,2022,5,272
66,2022,6,326
66,2022,7,155
66,2022,8,273
66,2022,9,185
66,2022,10,713
66,2022,11,109
66,2022,12,175
67,2020,1,124
67,2020,2,73
67,2020,3,230
67,2020,4,173
67,2020,5,374
67,2020,6,275
67,2020,7,226
67,2020,8,184
67,2020,9,252
67,2020,10,563
67,2020,11,189
67,2020,12,227
67,2021,1,367
67,2021,2,112
67,2021,3,368
67,2021,4,479
67,2021,5,366
67,2021,6,741
67,2021,7,566
67,2021,8,491
67,2021,9,754
67,2021,10,1689
67,2021,11,415
67,2021,12,254
67,2022,1,53
67,2022,2,206
67,2022,3,452
67,2022,4,779
67,2022,5,560
67,2022,6,725
67,2022,7,864
67,2022,8,1158
67,2022,9,867
67,2022,10,2858
67,2022,11,297
67,2022,12,692
68,2020,1,483
68,2020,2,293
68,2020,3,305
68,2020,4,610
68,2020,5,106
68,2020,6,817
68,2020,7,579
68,2020,8,378
68,2020,9,287
68,2020,10,625
68,2020,11,292
68,2020,12,353
68,2021,1,359
68,2021,2,184
68,2021,3,651
68,2021,4,834
68,2021,5,550
68,2021,6,1048
68,2021,7,842
68,2021,8,445
68,2021,9,621
68,2021,10,1246
68,2021,11,340
68,2021,12,604
68,2022,1,712
68,2022,2,447
68,2022,3,638
68,2022,4,1461
68,2022,5,619
68,2022,6,913
68,2022,7,938
68,2022,8,713
68,2022,9,647
68,2022,10,1807
68,2022,11,330
68,2022,12,499
69,2020,1,24
69,2020,2,60
69,2020,3,162
69,2020,4,112
69,2020,5,79
69,2020,6,123
69,2020,7,100
69,2020,8,78
69,2020,9,65
69,2020,10,383
69,2020,11,42
69,2020,12,38
69,2021,1,150
69,2021,2,163
69,2021,3,170
69,2021,4,252
69,2021,5,145
69,2021,6,186
69,2021,7,176
69,2021,8,173
69,2021,9,127
69,2021,10,308
69,2021,11,113
69,2021,12,39
69,2022,1,32
69,2022,2,75
69,2022,3,29
69,2022,4,182
69,2022,5,168
69,2022,6,177
69,2022,7,25
69,2022,8,58
69,2022,9,53
69,2022,10,202
69,2022,11,47
69,2022,12,131
70,2020,1,35
70,2020,2,143
70,2020,3,227
70,2020,4,118
70,2020,5,135
70,2020,6,234
70,2020,7,204
70,2020,8,127
70,2020,9,252
70,2020,10,559
70,2020,11,45
70,2020,12,103
70,2021,1,106
70,2021,2,18
70,2021,3,193
70,2021,4,345
70,2021,5,93
70,2021,6,409
70,2021,7,270
70,2021,8,206
70,2021,9,227
70,2021,10,648
70,2021,11,248
70,2021,12,209
70,2022,1,134
70,2022,2,227
70,2022,3,483
70,2022,4,359
70,2022,5,389
70,2022,6,262
70,2022,7,551
70,2022,8,212
70,2022,9,350
70,2022,10,876
70,2022,11,130
70,2022,12,103
71,2020,1,79
71,2020,2,99
71,2020,3,131
71,2020,4,208
71,2020,5,128
71,2020,6,151
71,2020,7,243
71,2020,8,199
71,2020,9,79
71,2020,10,365
71,2020,11,107
71,2020,12,112
71,2021,1,163
71,2021,2,105
71,2021,3,174
71,2021,4,533
71,2021,5,215
71,2021,6,301
71,2021,7,253
71,2021,8,250
71,2021,9,424
71,2021,10,337
71,2021,11,96
71,2021,12,88
71,2022,1,167
71,2022,2,357
71,2022,3,336
71,2022,4,395
71,2022,5,101
71,2022,6,226
71,2022,7,340
71,2022,8,151
71,2022,9,510
71,2022,10,669
71,2022,11,166
71,2022,12,79
72,2020,1,141
72,2020,2,126
72,2020,3,209
72,2020,4,238
72,2020,5,167
72,2020,6,102
72,2020,7,79
72,2020,8,81
72,2020,9,107
72,2020,10,191
72,2020,11,157
72,2020,12,171
72,2021,1,154
72,2021,2,46
72,2021,3,292
72,2021,4,387
72,2021,5,429
72,2021,6,348
72,2021,7,265
72,2021,8,116
72,2021,9,206
72,2021,10,606
72,2021,11,88
72,2021,12,73
72,2022,1,123
72,2022,2,89
72,2022,3,249
72,2022,4,549
72,2022,5,209
72,2022,6,498
72,2022,7,225
72,2022,8,393
72,2022,9,339
72,2022,10,854
72,2022,11,221
72,2022,12,295
73,2020,1,46
73,2020,2,70
73,2020,3,278
73,2020,4,272
73,2020,5,94
73,2020,6,613
73,2020,7,370
73,2020,8,204
73,2020,9,498
73,2020,10,1026
73,2020,11,220
73,2020,12,297
73,2021,1,215
73,2021,2,203
73,2021,3,472
73,2021,4,591
73,2021,5,283
73,2021,6,356
73,2021,7,431
73,2021,8,439
73,2021,9,375
73,2021,10,1334
73,2021,11,333
73,2021,12,241
73,2022,1,454
73,2022,2,347
73,2022,3,171
73,2022,4,385
73,2022,5,547
73,2022,6,597
73,2022,7,413
73,2022,8,436
73,2022,9,399
73,2022,10,2265
73,2022,11,321
73,2022,12,217
74,2020,1,516
74,2020,2,446
74,2020,3,645
74,2020,4,1044
74,2020,5,654
74,2020,6,1011
74,2020,7,1046
74,2020,8,417
74,2020,9,739
74,2020,10,2368
74,2020,11,500
74,2020,12,452
74,2021,1,461
74,2021,2,313
74,2021,3,1073
74,2021,4,1982
74,2021,5,788
74,2021,6,965
74,2021,7,1695
74,2021,8,786
74,2021,9,953
74,2021,10,3454
74,2021,11,615
74,2021,12,291
74,2022,1,391
74,2022,2,918
74,2022,3,910
74,2022,4,1968
74,2022,5,1164
74,2022,6,1756
74,2022,7,1135
74,2022,8,1088
74,2022,9,1305
74,2022,10,4280
74,2022,11,625
74,2022,12,701
75,2020,1,267
75,2020,2,302
75,2020,3,358
75,2020,4,572
75,2020,5,297
75,2020,6,273
75,2020,7,482
75,2020,8,185
75,2020,9,197
75,2020,10,988
75,2020,11,389
75,2020,12,195
75,2021,1,212
75,2021,2,265
75,2021,3,578
75,2021,4,1392
75,2021,5,715
75,2021,6,632
75,2021,7,663
75,2021,8,758
75,2021,9,1131
75,2021,10,1897
75,2021,11,575
75,2021,12,202
75,2022,1,1032
75,2022,2,754
75,2022,3,1108
75,2022,4,1414
75,2022,5,651
75,2022,6,1887
75,2022,7,469
75,2022,8,897
75,2022,9,753
75,2022,10,3079
75,2022,11,584
75,2022,12,545
76,2020,1,397
76,2020,2,173
76,2020,3,367
76,2020,4,529
76,2020,5,444
76,2020,6,403
76,2020,7,875
76,2020,8,423
76,2020,9,555
76,2020,10,1751
76,2020,11,267
76,2020,12,482
76,2021,1,373
76,2021,2,115
76,2021,3,717
76,2021,4,1220
76,2021,5,396
76,2021,6,1048
76,2021,7,1199
76,2021,8,723
76,2021,9,1110
76,2021,10,2490
76,2021,11,464
76,2021,12,233
76,2022,1,379
76,2022,2,319
76,2022,3,680
76,2022,4,1434
76,2022,5,532
76,2022,6,1739
76,2022,7,795
76,2022,8,1008
76,2022,9,1223
76,2022,10,2924
76,2022,11,654
76,2022,12,345
77,2020,1,219
77,2020,2,381
77,2020,3,243
77,2020,4,954
77,2020,5,391
77,2020,6,912
77,2020,7,824
77,2020,8,315
77,2020,9,438
77,2020,10,1478
77,2020,11,217
77,2020,12,178
77,2021,1,497
77,2021,2,242
77,2021,3,337
77,2021,4,1160
77,2021,5,743
77,2021,6,542
77,2021,7,722
77,2021,8,333
77,2021,9,1019
77,2021,10,1598
77,2021,11,533
77,2021,12,558
77,2022,1,478
77,2022,2,310
77,2022,3,609
77,2022,4,1232
77,2022,5,761
77,2022,6,1118
77,2022,7,507
77,2022,8,1256
77,2022,9,767
77,2022,10,2191
77,2022,11,558
77,2022,12,957
78,2020,1,39
78,2020,2,29
78,2020,3,206
78,2020,4,209
78,2020,5,183
78,2020,6,260
78,2020,7,289
78,2020,8,167
78,2020,9,324
78,2020,10,668
78,2020,11,231
78,2020,12,191
78,2021,1,219
78,2021,2,221
78,2021,3,317
78,2021,4,352
78,2021,5,448
78,2021,6,547
78,2021,7,210
78,2021,8,181
78,2021,9,485
78,2021,10,980
78,2021,11,177
78,2021,12,118
78,2022,1,267
78,2022,2,202
78,2022,3,619
78,2022,4,708
78,2022,5,459
78,2022,6,303
78,2022,7,393
78,2022,8,560
78,2022,9,612
78,2022,10,2062
78,2022,11,389
78,2022,12,263
79,2020,1,35
79,2020,2,44
79,2020,3,195
79,2020,4,200
79,2020,5,102
79,2020,6,161
79,2020,7,202
79,2020,8,59
79,2020,9,92
79,2020,10,315
79,2020,11,38
79,2020,12,41
79,2021,1,137
79,2021,2,29
79,2021,3,211
79,2021,4,178
79,2021,5,127
79,2021,6,220
79,2021,7,238
79,2021,8,156
79,2021,9,245
79,2021,10,494
79,2021,11,155
79,2021,12,57
79,2022,1,199
79,2022,2,157
79,2022,3,322
79,2022,4,483
79,2022,5,348
79,2022,6,305
79,2022,7,257
79,2022,8,101
79,2022,9,130
79,2022,10,1041
79,2022,11,154
79,2022,12,62
80,2020,1,79
80,2020,2,160
80,2020,3,281
80,2020,4,247
80,2020,5,148
80,2020,6,223
80,2020,7,159
80,2020,8,66
80,2020,9,224
80,2020,10,441
80,2020,11,117
80,2020,12,156
80,2021,1,204
80,2021,2,40
80,2021,3,241
80,2021,4,466
80,2021,5,184
80,2021,6,351
80,2021,7,342
80,2021,8,264
80,2021,9,536
80,2021,10,804
80,2021,11,239
80,2021,12,622
80,2022,1,297
80,2022,2,290
80,2022,3,396
80,2022,4,807
80,2022,5,482
80,2022,6,723
80,2022,7,236
80,2022,8,533
80,2022,9,503
80,2022,10,1496
80,2022,11,286
80,2022,12,337
81,2020,1,187
81,2020,2,64
81,2020,3,44
81,2020,4,123
81,2020,5,158
81,2020,6,148
81,2020,7,104
81,2020,8,181
81,2020,9,165
81,2020,10,384
81,2020,11,64
81,2020,12,135
81,2021,1,93
81,2021,2,16
81,2021,3,248
81,2021,4,385
81,2021,5,53
81,2021,6,230
81,2021,7,382
81,2021,8,44
81,2021,9,243
81,2021,10,721
81,2021,11,182
81,2021,12,152
81,2022,1,186
81,2022,2,117
81,2022,3,303
81,2022,4,491
81,2022,5,281
81,2022,6,377
81,2022,7,296
81,2022,8,374
81,2022,9,215
81,2022,10,999
81,2022,11,317
81,2022,12,185
82,2020,1,43
82,2020,2,154
82,2020,3,676
82,2020,4,1027
82,2020,5,306
82,2020,6,584
82,2020,7,469
82,2020,8,70
82,2020,9,317
82,2020,10,729
82,2020,11,283
82,2020,12,225
82,2021,1,550
82,2021,2,184
82,2021,3,569
82,2021,4,1296
82,2021,5,386
82,2021,6,644
82,2021,7,641
82,2021,8,326
82,2021,9,455
82,2021,10,1538
82,2021,11,464
82,2021,12,311
82,2022,1,545
82,2022,2,92
82,2022,3,716
82,2022,4,1058
82,2022,5,505
82,2022,6,750
82,2022,7,473
82,2022,8,521
82,2022,9,725
82,2022,10,2539
82,2022,11,442
82,2022,12,467
83,2020,1,75
83,2020,2,229
83,2020,3,195
83,2020,4,210
83,2020,5,151
83,2020,6,208
83,2020,7,247
83,2020,8,137
83,2020,9,161
83,2020,10,735
83,2020,11,218
83,2020,12,152
83,2021,1,353
83,2021,2,147
83,2021,3,336
83,2021,4,719
83,2021,5,308
83,2021,6,508
83,2021,7,289
83,2021,8,274
83,2021,9,376
83,2021,10,1159
83,2021,11,219
83,2021,12,428
83,2022,1,207
83,2022,2,164
83,2022,3,495
83,2022,4,892
83,2022,5,371
83,2022,6,403
83,2022,7,433
83,2022,8,441
83,2022,9,333
83,2022,10,1851
83,2022,11,279
83,2022,12,316
84,2020,1,20
84,2020,2,177
84,2020,3,92
84,2020,4,224
84,2020,5,184
84,2020,6,149
84,2020,7,303
84,2020,8,127
84,2020,9,263
84,2020,10,453
84,2020,11,51
84,2020,12,198
84,2021,1,206
84,2021,2,74
84,2021,3,320
84,2021,4,395
84,2021,5,219
84,2021,6,592
84,2021,7,367
84,2021,8,162
84,2021,9,384
84,2021,10,859
84,2021,11,190
84,2021,12,104
84,2022,1,304
84,2022,2,88
84,2022,3,626
84,2022,4,500
84,2022,5,444
84,2022,6,360
84,2022,7,175
84,2022,8,337
84,2022,9,406
84,2022,10,1081
84,2022,11,175
84,2022,12,308
85,2020,1,90
85,2020,2,161
85,2020,3,56
85,2020,4,120
85,2020,5,91
85,2020,6,198
85,2020,7,143
85,2020,8,63
85,2020,9,178
85,2020,10,314
85,2020,11,232
85,2020,12,61
85,2021,1,271
85,2021,2,168
85,2021,3,347
85,2021,4,312
85,2021,5,226
85,2021,6,265
85,2021,7,249
85,2021,8,189
85,2021,9,298
85,2021,10,817
85,2021,11,126
85,2021,12,248
85,2022,1,147
85,2022,2,317
85,2022,3,497
85,2022,4,530
85,2022,5,166
85,2022,6,544
85,2022,7,215
85,2022,8,383
85,2022,9,212
85,2022,10,1755
85,2022,11,333
85,2022,12,158
86,2020,1,715
86,2020,2,1133
86,2020,3,2219
86,2020,4,2999
86,2020,5,1206
86,2020,6,3087
86,2020,7,2049
86,2020,8,1719
86,2020,9,920
86,2020,10,3157
86,2020,11,285
86,2020,12,758
86,2021,1,668
86,2021,2,459
86,2021,3,1134
86,2021,4,1199
86,2021,5,466
86,2021,6,2015
86,2021,7,1101
86,2021,8,1969
86,2021,9,1695
86,2021,10,3855
86,2021,11,394
86,2021,12,275
86,2022,1,522
86,2022,2,84
86,2022,3,1446
86,2022,4,1318
86,2022,5,1007
86,2022,6,1969
86,2022,7,974
86,2022,8,1043
86,2022,9,1774
86,2022,10,2052
86,2022,11,239
86,2022,12,797
87,2020,1,638
87,2020,2,1211
87,2020,3,4098
87,2020,4,3508
87,2020,5,3560
87,2020,6,3713
87,2020,7,4027
87,2020,8,2050
87,2020,9,1535
87,2020,10,821
87,2020,11,69
87,2020,12,239
87,2021,1,581
87,2021,2,329
87,2021,3,3066
87,2021,4,2605
87,2021,5,853
87,2021,6,1273
87,2021,7,1422
87,2021,8,995
87,2021,9,1352
87,2021,10,914
87,2021,11,338
87,2022,1,238
87,2022,2,207
87,2022,3,659
87,2022,4,1561
87,2022,5,939
87,2022,6,1139
87,2022,7,1505
87,2022,8,1242
87,2022,9,589
87,2022,10,603
87,2022,11,125
87,2022,12,429
88,2020,1,374
88,2020,2,547
88,2020,3,4707
88,2020,4,4068
88,2020,5,3376
88,2020,6,3040
88,2020,7,3538
88,2020,8,3028
88,2020,9,1457
88,2020,10,124
88,2020,11,330
88,2020,12,268
88,2021,1,729
88,2021,2,468
88,2021,3,2146
88,2021,4,4261
88,2021,5,790
88,2021,6,2227
88,2021,7,2981
88,2021,8,2658
88,2021,9,705
88,2021,10,1073
88,2021,11,263
88,2021,12,54
88,2022,1,410
88,2022,2,217
88,2022,3,1402
88,2022,4,2375
88,2022,5,1294
88,2022,6,2475
88,2022,7,1311
88,2022,8,1797
88,2022,9,783
88,2022,10,883
88,2022,11,314
88,2022,12,379
89,2020,1,457
89,2020,2,1217
89,2020,3,3488
89,2020,4,3512
89,2020,5,3810
89,2020,6,2532
89,2020,7,5409
89,2020,8,2624
89,2020,9,1246
89,2020,10,1232
89,2020,11,438
89,2020,12,63
89,2021,1,871
89,2021,2,297
89,2021,3,1855
89,2021,4,1913
89,2021,5,1551
89,2021,6,2124
89,2021,7,2505
89,2021,8,1675
89,2021,9,1177
89,2021,10,809
89,2021,11,200
89,2021,12,365
89,2022,1,795
89,2022,2,225
89,2022,3,1025
89,2022,4,1108
89,2022,5,1058
89,2022,6,891
89,2022,7,1181
89,2022,8,2191
89,2022,9,1057
89,2022,10,1074
89,2022,11,297
89,2022,12,319
90,2020,1,1070
90,2020,2,1954
90,2020,3,4167
90,2020,4,7933
90,2020,5,3742
90,2020,6,5358
90,2020,7,4926
90,2020,8,2457
90,2020,9,1565
90,2020,10,536
90,2020,11,615
90,2020,12,409
90,2021,1,1268
90,2021,2,703
90,2021,3,2136
90,2021,4,2626
90,2021,5,2002
90,2021,6,2888
90,2021,7,3213
90,2021,8,2116
90,2021,9,1658
90,2021,10,1470
90,2021,11,382
90,2021,12,421
90,2022,1,1490
90,2022,2,138
90,2022,3,1738
90,2022,4,2422
90,2022,5,992
90,2022,6,2188
90,2022,7,1735
90,2022,8,1730
90,2022,9,1106
90,2022,10,757
90,2022,11,175
90,2022,12,114
91,2020,1,191
91,2020,2,934
91,2020,3,1513
91,2020,4,2790
91,2020,5,1663
91,2020,6,1758
91,2020,7,2044
91,2020,8,1667
91,2020,9,513
91,2020,10,383
91,2020,11,90
91,2020,12,119
91,2021,1,340
91,2021,2,391
91,2021,3,1591
91,2021,4,1514
91,2021,5,1105
91,2021,6,1858
91,2021,7,1490
91,2021,8,1002
91,2021,9,660
91,2021,10,353
91,2021,11,179
91,2021,12,258
91,2022,1,172
91,2022,2,409
91,2022,3,947
91,2022,4,1036
91,2022,5,912
91,2022,6,1140
91,2022,7,1322
91,2022,8,954
91,2022,9,566
91,2022,10,794
91,2022,11,223
91,2022,12,113
92,2020,1,480
92,2020,2,372
92,2020,3,747
92,2020,4,791
92,2020,5,1091
92,2020,6,1338
92,2020,7,909
92,2020,8,426
92,2020,9,501
92,2020,10,20
92,2020,11,24
92,2020,12,203
92,2021,1,198
92,2021,2,161
92,2021,3,538
92,2021,4,707
92,2021,5,329
92,2021,6,437
92,2021,7,335
92,2021,8,469
92,2021,9,112
92,2021,10,69
92,2021,11,75
92,2021,12,120
92,2022,1,55
92,2022,2,138
92,2022,3,327
92,2022,4,346
92,2022,5,193
92,2022,6,358
92,2022,7,292
92,2022,8,279
92,2022,9,99
92,2022,10,322
92,2022,11,62
92,2022,12,60
93,2020,1,595
93,2020,2,636
93,2020,3,4360
93,2020,4,3306
93,2020,5,2000
93,2020,6,4372
93,2020,7,3975
93,2020,8,3849
93,2020,9,1042
93,2020,10,904
93,2020,11,610
93,2020,12,141
93,2021,1,460
93,2021,2,408
93,2021,3,1315
93,2021,4,3085
93,2021,5,974
93,2021,6,3110
93,2021,7,1697
93,2021,8,1759
93,2021,9,605
93,2021,10,499
93,2021,11,210
93,2021,12,361
93,2022,1,321
93,2022,2,346
93,2022,3,1010
93,2022,4,1618
93,2022,5,1307
93,2022,6,1207
93,2022,7,875
93,2022,8,1271
93,2022,9,1038
93,2022,10,1174
93,2022,11,314
93,2022,12,216
94,2020,1,556
94,2020,2,863
94,2020,3,3648
94,2020,4,4354
94,2020,5,3381
94,2020,6,4621
94,2020,7,4653
94,2020,8,4628
94,2020,9,3412
94,2020,10,841
94,2020,11,371
94,2020,12,405
94,2021,1,1246
94,2021,2,414
94,2021,3,3094
94,2021,4,3046
94,2021,5,1791
94,2021,6,2398
94,2021,7,2789
94,2021,8,3844
94,2021,9,826
94,2021,10,1245
94,2021,11,181
94,2021,12,421
94,2022,1,1376
94,2022,2,871
94,2022,3,1655
94,2022,4,2233
94,2022,5,2079
94,2022,6,1643
94,2022,7,2559
94,2022,8,1071
94,2022,9,775
94,2022,10,2035
94,2022,11,646
94,2022,12,875
95,2020,1,382
95,2020,2,949
95,2020,3,3519
95,2020,4,5336
95,2020,5,2363
95,2020,6,2831
95,2020,7,4561
95,2020,8,2434
95,2020,9,2023
95,2020,10,1608
95,2020,11,238
95,2020,12,247
95,2021,1,985
95,2021,2,83
95,2021,3,2074
95,2021,4,1507
95,2021,5,2316
95,2021,6,2405
95,2021,7,1744
95,2021,8,1803
95,2021,9,933
95,2021,10,963
95,2021,11,364
95,2021,12,267
95,2022,1,438
95,2022,2,154
95,2022,3,788
95,2022,4,1674
95,2022,5,1771
95,2022,6,1401
95,2022,7,676
95,2022,8,2111
95,2022,9,999
95,2022,10,649
95,2022,11,267
95,2022,12,219
96,2020,1,131
96,2020,2,100
96,2020,3,391
96,2020,4,491
96,2020,5,452
96,2020,6,349
96,2020,7,314
96,2020,8,296
96,2020,9,216
96,2020,11,164
96,2020,12,62
96,2021,1,191
96,2021,2,82
96,2021,3,224
96,2021,4,263
96,2021,5,112
96,2021,6,269
96,2021,7,417
96,2021,8,238
96,2021,9,55
96,2021,10,60
96,2021,11,52
96,2021,12,24
96,2022,1,110
96,2022,3,206
96,2022,4,360
96,2022,5,75
96,2022,6,220
96,2022,7,149
96,2022,8,67
96,2022,9,137
96,2022,10,32
97,2020,1,105
97,2020,2,26
97,2020,3,135
97,2020,4,272
97,2020,5,289
97,2020,6,153
97,2020,7,299
97,2020,8,91
97,2020,9,147
97,2020,10,45
97,2020,11,59
97,2020,12,34
97,2021,1,30
97,2021,2,33
97,2021,3,86
97,2021,4,171
97,2021,5,80
97,2021,6,225
97,2021,7,156
97,2021,8,83
97,2021,9,86
97,2021,10,58
97,2021,11,72
97,2021,12,36
97,2022,1,11
97,2022,2,52
97,2022,3,69
97,2022,4,76
97,2022,5,68
97,2022,6,59
97,2022,7,76
97,2022,9,29
97,2022,10,64
97,2022,11,38
97,2022,12,41
98,2020,1,522
98,2020,2,470
98,2020,3,1377
98,2020,4,1021
98,2020,5,857
98,2020,6,1739
98,2020,7,1438
98,2020,8,1326
98,2020,9,292
98,2020,10,337
98,2020,11,42
98,2020,12,238
98,2021,1,799
98,2021,2,228
98,2021,3,776
98,2021,4,669
98,2021,5,350
98,2021,6,1008
98,2021,7,637
98,2021,8,670
98,2021,9,286
98,2021,10,134
98,2021,11,62
98,2021,12,64
98,2022,1,80
98,2022,3,472
98,2022,4,275
98,2022,5,612
98,2022,6,477
98,2022,7,559
98,2022,8,258
98,2022,9,625
98,2022,10,266
98,2022,11,207
98,2022,12,46
99,2020,1,332
99,2020,2,246
99,2020,3,1002
99,2020,4,1690
99,2020,5,741
99,2020,6,698
99,2020,7,894
99,2020,8,841
99,2020,9,460
99,2020,10,273
99,2020,11,140
99,2020,12,60
99,2021,1,510
99,2021,2,45
99,2021,3,865
99,2021,4,820
99,2021,5,599
99,2021,6,352
99,2021,7,423
99,2021,8,440
99,2021,9,256
99,2021,10,230
99,2021,11,187
99,2021,12,134
99,2022,1,169
99,2022,2,92
99,2022,3,360
99,2022,4,342
99,2022,5,519
99,2022,6,701
99,2022,7,327
99,2022,8,299
99,2022,9,241
99,2022,10,334
99,2022,11,182
99,2022,12,109
100,2020,1,670
100,2020,2,817
100,2020,3,1429
100,2020,4,1891
100,2020,5,994
100,2020,6,1500
100,2020,7,1615
100,2020,8,1162
100,2020,9,604
100,2020,10,2835
100,2020,11,1158
100,2020,12,545
100,2021,1,509
100,2021,2,309
100,2021,3,736
100,2021,4,615
100,2021,5,523
100,2021,6,1007
100,2021,7,1518
100,2021,8,948
100,2021,9,1036
100,2021,10,1119
100,2021,11,250
100,2021,12,436
100,2022,1,271
100,2022,2,260
100,2022,3,538
100,2022,4,609
100,2022,5,548
100,2022,6,834
100,2022,7,476
100,2022,8,865
100,2022,9,606
100,2022,10,757
100,2022,11,291
100,2022,12,384
101,2020,1,67
101,2020,2,47
101,2020,3,68
101,2020,4,93
101,2020,5,99
101,2020,6,169
101,2020,7,158
101,2020,8,50
101,2020,9,70
101,2020,10,124
101,2020,11,76
101,2020,12,65
101,2021,1,50
101,2021,2,74
101,2021,3,213
101,2021,4,368
101,2021,5,283
101,2021,6,253
101,2021,7,74
101,2021,8,89
101,2021,9,125
101,2021,10,406
101,2021,11,136
101,2021,12,110
101,2022,1,42
101,2022,2,40
101,2022,3,361
101,2022,4,331
101,2022,5,183
101,2022,6,247
101,2022,7,183
101,2022,8,82
101,2022,9,309
101,2022,10,346
101,2022,11,238
101,2022,12,118
102,2020,1,18
102,2020,2,45
102,2020,3,163
102,2020,4,119
102,2020,5,84
102,2020,6,124
102,2020,7,30
102,2020,8,24
102,2020,9,105
102,2020,10,123
102,2020,11,78
102,2020,12,73
102,2021,1,64
102,2021,2,24
102,2021,3,208
102,2021,4,346
102,2021,5,93
102,2021,6,199
102,2021,7,72
102,2021,8,89
102,2021,9,196
102,2021,10,252
102,2021,11,127
102,2021,12,38
102,2022,1,47
102,2022,2,41
102,2022,3,278
102,2022,4,313
102,2022,5,246
102,2022,6,155
102,2022,7,100
102,2022,8,112
102,2022,9,292
102,2022,10,261
102,2022,11,174
102,2022,12,154
103,2020,1,6
103,2020,3,48
103,2020,4,33
103,2020,5,17
103,2020,6,49
103,2020,7,29
103,2020,8,16
103,2020,9,33
103,2020,10,101
103,2020,11,34
103,2020,12,24
103,2021,1,42
103,2021,2,3
103,2021,3,108
103,2021,4,97
103,2021,5,45
103,2021,6,50
103,2021,7,43
103,2021,8,42
103,2021,9,99
103,2021,10,165
103,2021,11,23
103,2021,12,35
103,2022,1,47
103,2022,3,74
103,2022,4,142
103,2022,5,99
103,2022,6,57
103,2022,7,32
103,2022,8,40
103,2022,9,128
103,2022,10,101
103,2022,11,68
103,2022,12,48
104,2020,1,11
104,2020,2,18
104,2020,3,25
104,2020,4,56
104,2020,5,13
104,2020,6,29
104,2020,7,18
104,2020,8,14
104,2020,9,14
104,2020,10,40
104,2020,11,30
104,2020,12,24
104,2021,1,34
104,2021,2,1
104,2021,3,83
104,2021,4,113
104,2021,5,40
104,2021,6,62
104,2021,7,15
104,2021,8,25
104,2021,9,46
104,2021,10,77
104,2021,11,50
104,2021,12,14
104,2022,1,47
104,2022,2,20
104,2022,3,38
104,2022,4,101
104,2022,5,57
104,2022,6,85
104,2022,7,21
104,2022,8,11
104,2022,9,51
104,2022,10,144
104,2022,11,6
104,2022,12,61
105,2020,1,39
105,2020,2,13
105,2020,3,69
105,2020,4,279
105,2020,5,133
105,2020,6,54
105,2020,7,65
105,2020,8,15
105,2020,9,126
105,2020,10,152
105,2020,11,94
105,2020,12,56
105,2021,1,88
105,2021,2,53
105,2021,3,215
105,2021,4,453
105,2021,5,179
105,2021,6,313
105,2021,7,59
105,2021,8,10
105,2021,9,116
105,2021,10,371
105,2021,11,95
105,2021,12,126
105,2022,1,70
105,2022,2,45
105,2022,3,229
105,2022,4,466
105,2022,5,163
105,2022,6,143
105,2022,7,82
105,2022,8,45
105,2022,9,222
105,2022,10,390
105,2022,11,66
105,2022,12,150
106,2020,1,60
106,2020,2,17
106,2020,3,44
106,2020,4,80
106,2020,5,46
106,2020,6,151
106,2020,7,52
106,2020,8,36
106,2020,9,89
106,2020,10,143
106,2020,11,61
106,2020,12,15
106,2021,1,106
106,2021,2,50
106,2021,3,99
106,2021,4,333
106,2021,5,96
106,2021,6,309
106,2021,7,159
106,2021,8,74
106,2021,9,124
106,2021,10,271
106,2021,11,97
106,2021,12,23
106,2022,1,155
106,2022,2,49
106,2022,3,95
106,2022,4,265
106,2022,5,126
106,2022,6,199
106,2022,7,123
106,2022,8,68
106,2022,9,221
106,2022,10,242
106,2022,11,94
106,2022,12,156
107,2020,3,68
107,2020,4,42
107,2020,5,39
107,2020,6,9
107,2020,7,6
107,2020,8,18
107,2020,9,36
107,2020,10,44
107,2020,11,23
107,2020,12,17
107,2021,1,24
107,2021,3,92
107,2021,4,86
107,2021,5,40
107,2021,6,126
107,2021,7,12
107,2021,8,16
107,2021,9,47
107,2021,10,132
107,2021,11,76
107,2021,12,37
107,2022,1,18
107,2022,2,13
107,2022,3,58
107,2022,4,64
107,2022,5,101
107,2022,6,51
107,2022,7,31
107,2022,8,7
107,2022,9,78
107,2022,10,177
107,2022,11,45
107,2022,12,37
108,2020,1,3
108,2020,2,4
108,2020,3,20
108,2020,4,29
108,2020,5,20
108,2020,6,37
108,2020,7,19
108,2020,8,18
108,2020,9,39
108,2020,10,35
108,2020,11,13
108,2020,12,10
108,2021,1,13
108,2021,2,8
108,2021,3,44
108,2021,4,109
108,2021,5,20
108,2021,6,96
108,2021,7,42
108,2021,8,14
108,2021,9,44
108,2021,10,120
108,2021,11,48
108,2021,12,40
108,2022,1,1
108,2022,2,8
108,2022,3,45
108,2022,4,60
108,2022,5,46
108,2022,6,88
108,2022,7,32
108,2022,8,14
108,2022,9,30
108,2022,10,132
108,2022,11,31
108,2022,12,46
109,2020,1,168
109,2020,2,46
109,2020,3,233
109,2020,4,340
109,2020,5,172
109,2020,6,160
109,2020,7,140
109,2020,8,174
109,2020,9,222
109,2020,10,258
109,2020,11,98
109,2020,12,184
109,2021,1,185
109,2021,2,62
109,2021,3,401
109,2021,4,530
109,2021,5,278
109,2021,6,767
109,2021,7,245
109,2021,8,209
109,2021,9,430
109,2021,10,757
109,2021,11,275
109,2021,12,200
109,2022,1,207
109,2022,2,284
109,2022,3,450
109,2022,4,705
109,2022,5,401
109,2022,6,382
109,2022,7,282
109,2022,8,141
109,2022,9,314
109,2022,10,877
109,2022,11,210
109,2022,12,361
110,2020,1,19
110,2020,2,50
110,2020,3,190
110,2020,4,193
110,2020,5,187
110,2020,6,209
110,2020,7,135
110,2020,8,56
110,2020,9,123
110,2020,10,206
110,2020,11,221
110,2020,12,151
110,2021,1,9
110,2021,3,415
110,2021,4,519
110,2021,5,183
110,2021,6,396
110,2021,7,182
110,2021,8,65
110,2021,9,361
110,2021,10,693
110,2021,11,172
110,2021,12,204
110,2022,1,153
110,2022,2,86
110,2022,3,448
110,2022,4,529
110,2022,5,306
110,2022,6,334
110,2022,7,316
110,2022,8,28
110,2022,9,523
110,2022,10,542
110,2022,11,198
110,2022,12,200
111,2020,1,4
111,2020,2,32
111,2020,3,56
111,2020,4,55
111,2020,5,44
111,2020,6,76
111,2020,7,31
111,2020,8,10
111,2020,9,33
111,2020,10,121
111,2020,11,35
111,2020,12,44
111,2021,1,20
111,2021,2,18
111,2021,3,204
111,2021,4,155
111,2021,5,118
111,2021,6,124
111,2021,7,58
111,2021,8,50
111,2021,9,89
111,2021,10,258
111,2021,11,92
111,2021,12,105
111,2022,1,35
111,2022,2,3
111,2022,3,97
111,2022,4,186
111,2022,5,126
111,2022,6,114
111,2022,7,85
111,2022,8,20
111,2022,9,238
111,2022,10,171
111,2022,11,199
111,2022,12,121
112,2020,1,17
112,2020,3,427
112,2020,4,223
112,2020,5,447
112,2020,6,219
112,2020,7,103
112,2020,8,155
112,2020,9,313
112,2020,10,555
112,2020,11,264
112,2020,12,130
112,2021,1,206
112,2021,2,94
112,2021,3,843
112,2021,4,489
112,2021,5,141
112,2021,6,830
112,2021,7,513
112,2021,8,338
112,2021,9,320
112,2021,10,1387
112,2021,11,386
112,2021,12,422
112,2022,1,158
112,2022,2,160
112,2022,3,903
112,2022,4,1007
112,2022,5,269
112,2022,6,416
112,2022,7,423
112,2022,8,282
112,2022,9,983
112,2022,10,729
112,2022,11,385
112,2022,12,395
113,2020,1,42
113,2020,3,419
113,2020,4,125
113,2020,5,334
113,2020,6,283
113,2020,7,298
113,2020,8,97
113,2020,9,335
113,2020,10,290
113,2020,11,214
113,2020,12,213
113,2021,1,220
113,2021,2,68
113,2021,3,524
113,2021,4,917
113,2021,5,439
113,2021,6,658
113,2021,7,260
113,2021,8,208
113,2021,9,591
113,2021,10,943
113,2021,11,249
113,2021,12,276
113,2022,1,173
113,2022,3,686
113,2022,4,843
113,2022,5,410
113,2022,6,630
113,2022,7,544
113,2022,8,128
113,2022,9,646
113,2022,10,892
113,2022,11,362
113,2022,12,329
114,2020,1,9
114,2020,2,6
114,2020,3,29
114,2020,4,41
114,2020,5,42
114,2020,6,16
114,2020,7,15
114,2020,8,7
114,2020,9,29
114,2020,10,46
114,2020,11,42
114,2020,12,41
114,2021,1,15
114,2021,2,15
114,2021,3,65
114,2021,4,89
114,2021,5,34
114,2021,6,52
114,2021,7,49
114,2021,8,34
114,2021,9,44
114,2021,10,142
114,2021,11,94
114,2021,12,29
114,2022,1,19
114,2022,2,6
114,2022,3,67
114,2022,4,116
114,2022,5,53
114,2022,6,45
114,2022,7,32
114,2022,8,13
114,2022,9,109
114,2022,10,129
114,2022,11,38
114,2022,12,59
115,2020,1,174
115,2020,2,59
115,2020,3,164
115,2020,4,364
115,2020,5,189
115,2020,6,417
115,2020,7,252
115,2020,8,94
115,2020,9,627
115,2020,10,661
115,2020,11,184
115,2020,12,336
115,2021,1,210
115,2021,2,333
115,2021,3,708
115,2021,4,1132
115,2021,5,187
115,2021,6,938
1,2020,1,524
1,2020,2,403
1,2020,3,750
1,2020,4,1386
1,2020,5,544
1,2020,6,1170
1,2020,7,696
1,2020,8,502
1,2020,9,839
1,2020,10,1399
1,2020,11,390
1,2020,12,640
1,2021,1,697
1,2021,2,977
1,2021,3,1096
1,2021,4,1578
1,2021,5,751
1,2021,6,1640
1,2021,7,999
1,2021,8,1332
1,2021,9,1419
1,2021,10,3775
1,2021,11,457
1,2021,12,905
1,2022,1,627
1,2022,2,1044
1,2022,3,1318
1,2022,4,1162
1,2022,5,1530
1,2022,6,1496
1,2022,7,1178
1,2022,8,1065
1,2022,9,811
1,2022,10,2997
1,2022,11,1071
1,2022,12,571
2,2020,1,337
2,2020,2,77
2,2020,3,465
2,2020,4,931
2,2020,5,474
2,2020,6,507
2,2020,7,617
2,2020,8,373
2,2020,9,239
2,2020,10,1417
2,2020,11,338
2,2020,12,715
2,2021,1,358
2,2021,2,547
2,2021,3,558
2,2021,4,1647
2,2021,5,684
2,2021,6,1179
2,2021,7,1228
2,2021,8,624
2,2021,9,1010
2,2021,10,1664
2,2021,11,1874
2,2021,12,544
2,2022,1,243
2,2022,2,522
2,2022,3,655
2,2022,4,2031
2,2022,5,1336
2,2022,6,502
2,2022,7,1356
2,2022,8,717
2,2022,9,548
2,2022,10,2312
2,2022,11,887
2,2022,12,1264
3,2020,1,352
3,2020,2,280
3,2020,3,241
3,2020,4,414
3,2020,5,291
3,2020,6,940
3,2020,7,541
3,2020,8,505
3,2020,9,188
3,2020,10,1059
3,2020,11,322
3,2020,12,511
3,2021,1,640
3,2021,2,235
3,2021,3,407
3,2021,4,883
3,2021,5,387
3,2021,6,1255
3,2021,7,982
3,2021,8,445
3,2021,9,1273
3,2021,10,1628
3,2021,11,542
3,2021,12,349
3,2022,1,347
3,2022,2,145
3,2022,3,1005
3,2022,4,1382
3,2022,5,639
3,2022,6,1018
3,2022,7,975
3,2022,8,1103
3,2022,9,529
3,2022,10,2369
3,2022,11,396
3,2022,12,465
4,2020,1,202
4,2020,2,371
4,2020,3,593
4,2020,4,1113
4,2020,5,751
4,2020,6,688
4,2020,7,568
4,2020,8,188
4,2020,9,419
4,2020,10,928
4,2020,11,571
4,2020,12,259
4,2021,1,763
4,2021,2,226
4,2021,3,984
4,2021,4,1010
4,2021,5,675
4,2021,6,1150
4,2021,7,1554
4,2021,8,1098
4,2021,9,1125
4,2021,10,2056
4,2021,11,875
4,2021,12,299
4,2022,1,307
4,2022,2,629
4,2022,3,1262
4,2022,4,1167
4,2022,5,737
4,2022,6,891
4,2022,7,944
4,2022,8,652
4,2022,9,1049
4,2022,10,2847
4,2022,11,604
4,2022,12,1286
5,2020,1,168
5,2020,2,90
5,2020,3,156
5,2020,4,106
5,2020,5,226
5,2020,6,364
5,2020,7,178
5,2020,8,163
5,2020,9,167
5,2020,10,480
5,2020,11,64
5,2020,12,198
5,2021,1,266
5,2021,2,315
5,2021,3,185
5,2021,4,588
5,2021,5,214
5,2021,6,412
5,2021,7,276
5,2021,8,204
5,2021,9,471
5,2021,10,586
5,2021,11,374
5,2021,12,177
5,2022,1,210
5,2022,2,142
5,2022,3,561
5,2022,4,461
5,2022,5,798
5,2022,6,490
5,2022,7,401
5,2022,8,429
5,2022,9,301
5,2022,10,849
5,2022,11,263
5,2022,12,338
6,2020,1,41
6,2020,2,31
6,2020,3,16
6,2020,4,63
6,2020,5,12
6,2020,6,51
6,2020,7,87
6,2020,8,64
6,2020,9,44
6,2020,10,224
6,2020,11,45
6,2020,12,26
6,2021,1,67
6,2021,2,53
6,2021,3,134
6,2021,4,145
6,2021,5,121
6,2021,6,83
6,2021,7,70
6,2021,8,98
6,2021,9,241
6,2021,10,166
6,2021,11,118
6,2021,12,51
6,2022,1,58
6,2022,2,102
6,2022,3,161
6,2022,4,102
6,2022,5,183
6,2022,6,54
6,2022,7,66
6,2022,8,152
6,2022,9,74
6,2022,10,336
6,2022,11,52
6,2022,12,147
7,2020,1,153
7,2020,2,87
7,2020,3,125
7,2020,4,277
7,2020,5,163
7,2020,6,123
7,2020,7,207
7,2020,8,55
7,2020,9,103
7,2020,10,377
7,2020,11,127
7,2020,12,104
7,2021,1,245
7,2021,2,20
7,2021,3,291
7,2021,4,495
7,2021,5,395
7,2021,6,151
7,2021,7,537
7,2021,8,182
7,2021,9,233
7,2021,10,635
7,2021,11,170
7,2021,12,46
7,2022,1,146
7,2022,2,467
7,2022,3,195
7,2022,4,512
7,2022,5,370
7,2022,6,293
7,2022,7,191
7,2022,8,327
7,2022,9,364
7,2022,10,1039
7,2022,11,435
7,2022,12,390
8,2020,1,72
8,2020,2,195
8,2020,3,252
8,2020,4,464
8,2020,5,166
8,2020,6,154
8,2020,7,297
8,2020,8,142
8,2020,9,163
8,2020,10,576
8,2020,11,124
8,2020,12,70
8,2021,1,337
8,2021,2,216
8,2021,3,483
8,2021,4,454
8,2021,5,293
8,2021,6,564
8,2021,7,208
8,2021,8,254
8,2021,9,347
8,2021,10,1309
8,2021,11,281
8,2021,12,183
8,2022,1,457
8,2022,2,209
8,2022,3,370
8,2022,4,901
8,2022,5,673
8,2022,6,706
8,2022,7,238
8,2022,8,303
8,2022,9,344
8,2022,10,994
8,2022,11,632
8,2022,12,105
9,2020,1,31
9,2020,2,19
9,2020,3,272
9,2020,4,192
9,2020,5,100
9,2020,6,192
9,2020,7,262
9,2020,8,151
9,2020,9,107
9,2020,10,333
9,2020,11,129
9,2020,12,212
9,2021,1,51
9,2021,2,151
9,2021,3,338
9,2021,4,623
9,2021,5,181
9,2021,6,518
9,2021,7,280
9,2021,8,190
9,2021,9,237
9,2021,10,686
9,2021,11,305
9,2021,12,72
9,2022,1,182
9,2022,2,338
9,2022,3,362
9,2022,4,556
9,2022,5,285
9,2022,6,515
9,2022,7,264
9,2022,8,363
9,2022,9,127
9,2022,10,849
9,2022,11,118
9,2022,12,80
10,2020,1,71
10,2020,2,53
10,2020,3,185
10,2020,4,296
10,2020,5,152
10,2020,6,342
10,2020,7,473
10,2020,8,184
10,2020,9,233
10,2020,10,766
10,2020,11,170
10,2020,12,171
10,2021,1,319
10,2021,2,114
10,2021,3,272
10,2021,4,751
10,2021,5,183
10,2021,6,530
10,2021,7,338
10,2021,8,447
10,2021,9,466
10,2021,10,1329
10,2021,11,536
10,2021,12,87
10,2022,1,243
10,2022,2,383
10,2022,3,514
10,2022,4,696
10,2022,5,236
10,2022,6,383
10,2022,7,496
10,2022,8,652
10,2022,9,575
10,2022,10,1647
10,2022,11,156
10,2022,12,299
11,2020,1,79
11,2020,2,41
11,2020,3,87
11,2020,4,142
11,2020,5,130
11,2020,6,220
11,2020,7,176
11,2020,8,94
11,2020,9,90
11,2020,10,484
11,2020,11,196
11,2020,12,99
11,2021,1,152
11,2021,2,154
11,2021,3,347
11,2021,4,393
11,2021,5,300
11,2021,6,176
11,2021,7,230
11,2021,8,123
11,2021,9,167
11,2021,10,472
11,2021,11,220
11,2021,12,299
11,2022,1,199
11,2022,2,33
11,2022,3,249
11,2022,4,488
11,2022,5,288
11,2022,6,302
11,2022,7,330
11,2022,8,174
11,2022,9,192
11,2022,10,418
11,2022,11,502
11,2022,12,342
12,2020,1,342
12,2020,2,94
12,2020,3,656
12,2020,4,937
12,2020,5,355
12,2020,6,425
12,2020,7,506
12,2020,8,352
12,2020,9,539
12,2020,10,1223
12,2020,11,308
12,2020,12,177
12,2021,1,388
12,2021,2,536
12,2021,3,374
12,2021,4,1127
12,2021,5,632
12,2021,6,726
12,2021,7,523
12,2021,8,948
12,2021,9,857
12,2021,10,1399
12,2021,11,799
12,2021,12,489
12,2022,1,179
12,2022,2,864
12,2022,3,1361
12,2022,4,854
12,2022,5,310
12,2022,6,942
12,2022,7,541
12,2022,8,550
12,2022,9,855
12,2022,10,2572
12,2022,11,521
12,2022,12,374
13,2020,1,172
13,2020,2,358
13,2020,3,241
13,2020,4,307
13,2020,5,124
13,2020,6,741
13,2020,7,134
13,2020,8,170
13,2020,9,278
13,2020,10,565
13,2020,11,210
13,2020,12,83
13,2021,1,273
13,2021,2,186
13,2021,3,368
13,2021,4,656
13,2021,5,684
13,2021,6,602
13,2021,7,419
13,2021,8,432
13,2021,9,613
13,2021,10,950
13,2021,11,252
13,2021,12,467
13,2022,1,1060
13,2022,2,450
13,2022,3,666
13,2022,4,914
13,2022,5,167
13,2022,6,1016
13,2022,7,325
13,2022,8,306
13,2022,9,513
13,2022,10,1093
13,2022,11,340
13,2022,12,432
14,2020,1,126
14,2020,2,172
14,2020,3,338
14,2020,4,459
14,2020,5,314
14,2020,6,911
14,2020,7,432
14,2020,8,339
14,2020,9,235
14,2020,10,1018
14,2020,11,357
14,2020,12,244
14,2021,1,376
14,2021,2,119
14,2021,3,712
14,2021,4,946
14,2021,5,456
14,2021,6,311
14,2021,7,856
14,2021,8,307
14,2021,9,1312
14,2021,10,1091
14,2021,11,747
14,2021,12,595
14,2022,1,307
14,2022,2,421
14,2022,3,718
14,2022,4,1007
14,2022,5,1148
14,2022,6,753
14,2022,7,774
14,2022,8,376
14,2022,9,528
14,2022,10,1792
14,2022,11,494
14,2022,12,870
15,2020,1,149
15,2020,2,344
15,2020,3,143
15,2020,4,246
15,2020,5,82
15,2020,6,135
15,2020,7,300
15,2020,8,244
15,2020,9,108
15,2020,10,372
15,2020,11,229
15,2020,12,41
15,2021,1,282
15,2021,2,312
15,2021,3,326
15,2021,4,601
15,2021,5,316
15,2021,6,447
15,2021,7,221
15,2021,8,143
15,2021,9,330
15,2021,10,530
15,2021,11,167
15,2021,12,204
15,2022,1,105
15,2022,2,107
15,2022,3,632
15,2022,4,343
15,2022,5,95
15,2022,6,290
15,2022,7,262
15,2022,8,381
15,2022,9,221
15,2022,10,975
15,2022,11,178
15,2022,12,388
16,2020,1,512
16,2020,2,765
16,2020,3,637
16,2020,4,295
16,2020,5,892
16,2020,6,912
16,2020,7,1162
16,2020,8,555
16,2020,9,1018
16,2020,10,1533
16,2020,11,335
16,2020,12,413
16,2021,1,527
16,2021,2,660
16,2021,3,645
16,2021,4,1495
16,2021,5,834
16,2021,6,1854
16,2021,7,513
16,2021,8,1611
16,2021,9,2106
16,2021,10,3106
16,2021,11,835
16,2021,12,1174
16,2022,1,1608
16,2022,2,427
16,2022,3,1121
16,2022,4,1272
16,2022,5,1678
16,2022,6,1695
16,2022,7,1287
16,2022,8,1999
16,2022,9,1291
16,2022,10,2821
16,2022,11,264
16,2022,12,2192
17,2020,1,23
17,2020,2,342
17,2020,3,554
17,2020,4,537
17,2020,5,368
17,2020,6,673
17,2020,7,223
17,2020,8,462
17,2020,9,233
17,2020,10,1138
17,2020,11,508
17,2020,12,179
17,2021,1,766
17,2021,2,60
17,2021,3,237
17,2021,4,751
17,2021,5,426
17,2021,6,870
17,2021,7,673
17,2021,8,673
17,2021,9,609
17,2021,10,1547
17,2021,11,552
17,2021,12,748
17,2022,1,545
17,2022,2,312
17,2022,3,574
17,2022,4,1220
17,2022,5,428
17,2022,6,1032
17,2022,7,769
17,2022,8,674
17,2022,9,663
17,2022,10,2350
17,2022,11,695
17,2022,12,383
18,2020,1,182
18,2020,2,311
18,2020,3,820
18,2020,4,410
18,2020,5,251
18,2020,6,637
18,2020,7,240
18,2020,8,85
18,2020,9,233
18,2020,10,876
18,2020,11,571
18,2020,12,242
18,2021,1,359
18,2021,2,32
18,2021,3,869
18,2021,4,1228
18,2021,5,168
18,2021,6,537
18,2021,7,448
18,2021,8,575
18,2021,9,1407
18,2021,10,1257
18,2021,11,715
18,2021,12,652
18,2022,1,573
18,2022,2,424
18,2022,3,911
18,2022,4,828
18,2022,5,778
18,2022,6,775
18,2022,7,314
18,2022,8,570
18,2022,9,1092
18,2022,10,1933
18,2022,11,343
18,2022,12,928
19,2020,1,47
19,2020,2,177
19,2020,3,268
19,2020,4,595
19,2020,5,213
19,2020,6,160
19,2020,7,468
19,2020,8,339
19,2020,9,368
19,2020,10,593
19,2020,11,265
19,2020,12,300
19,2021,1,714
19,2021,2,293
19,2021,3,763
19,2021,4,693
19,2021,5,771
19,2021,6,891
19,2021,7,488
19,2021,8,356
19,2021,9,336
19,2021,10,1525
19,2021,11,173
19,2021,12,533
19,2022,1,305
19,2022,2,253
19,2022,3,642
19,2022,4,1022
19,2022,5,504
19,2022,6,886
19,2022,7,556
19,2022,8,508
19,2022,9,451
19,2022,10,2180
19,2022,11,274
19,2022,12,548
20,2020,1,48
20,2020,2,51
20,2020,3,104
20,2020,4,479
20,2020,5,111
20,2020,6,255
20,2020,7,225
20,2020,8,99
20,2020,9,111
20,2020,10,396
20,2020,11,279
20,2020,12,165
20,2021,1,264
20,2021,2,197
20,2021,3,247
20,2021,4,571
20,2021,5,292
20,2021,6,542
20,2021,7,387
20,2021,8,126
20,2021,9,430
20,2021,10,659
20,2021,11,184
20,2021,12,448
20,2022,1,298
20,2022,2,253
20,2022,3,531
20,2022,4,477
20,2022,5,202
20,2022,6,376
20,2022,7,336
20,2022,8,253
20,2022,9,501
20,2022,10,770
20,2022,11,302
20,2022,12,94
21,2020,1,156
21,2020,2,110
21,2020,3,78
21,2020,4,71
21,2020,5,67
21,2020,6,269
21,2020,7,206
21,2020,8,174
21,2020,9,155
21,2020,10,438
21,2020,11,122
21,2020,12,78
21,2021,1,280
21,2021,2,237
21,2021,3,224
21,2021,4,421
21,2021,5,115
21,2021,6,138
21,2021,7,404
21,2021,8,105
21,2021,9,142
21,2021,10,762
21,2021,11,426
21,2021,12,99
21,2022,1,183
21,2022,2,256
21,2022,3,358
21,2022,4,254
21,2022,5,258
21,2022,6,285
21,2022,7,292
21,2022,8,325
21,2022,9,311
21,2022,10,690
21,2022,11,213
21,2022,12,277
22,2020,1,38
22,2020,2,18
22,2020,3,105
22,2020,4,69
22,2020,5,33
22,2020,6,63
22,2020,7,83
22,2020,8,27
22,2020,9,46
22,2020,10,140
22,2020,11,52
22,2020,12,44
22,2021,1,51
22,2021,2,65
22,2021,3,43
22,2021,4,173
22,2021,5,138
22,2021,6,62
22,2021,7,92
22,2021,8,77
22,2021,9,117
22,2021,10,320
22,2021,11,53
22,2021,12,55
22,2022,1,36
22,2022,2,28
22,2022,3,166
22,2022,4,92
22,2022,5,107
22,2022,6,70
22,2022,7,165
22,2022,8,79
22,2022,9,88
22,2022,10,409
22,2022,11,182
22,2022,12,62
23,2020,1,16
23,2020,2,69
23,2020,3,54
23,2020,4,76
23,2020,5,107
23,2020,6,43
23,2020,7,75
23,2020,8,68
23,2020,9,29
23,2020,10,157
23,2020,11,27
23,2020,12,19
23,2021,1,75
23,2021,2,126
23,2021,3,65
23,2021,4,133
23,2021,5,109
23,2021,6,48
23,2021,7,135
23,2021,8,105
23,2021,9,104
23,2021,10,202
23,2021,11,124
23,2021,12,83
23,2022,1,40
23,2022,2,40
23,2022,3,65
23,2022,4,152
23,2022,5,127
23,2022,6,102
23,2022,7,75
23,2022,8,64
23,2022,9,15
23,2022,10,246
23,2022,11,63
23,2022,12,73
24,2020,1,195
24,2020,2,518
24,2020,3,464
24,2020,4,336
24,2020,5,590
24,2020,6,686
24,2020,7,764
24,2020,8,218
24,2020,9,260
24,2020,10,811
24,2020,11,94
24,2020,12,258
24,2021,1,213
24,2021,2,321
24,2021,3,783
24,2021,4,1094
24,2021,5,503
24,2021,6,458
24,2021,7,260
24,2021,8,1538
24,2021,9,333
24,2021,10,1489
24,2021,11,500
24,2021,12,453
24,2022,1,238
24,2022,2,315
24,2022,3,555
24,2022,4,962
24,2022,5,785
24,2022,6,852
24,2022,7,1374
24,2022,8,733
24,2022,9,635
24,2022,10,1824
24,2022,11,514
24,2022,12,309
25,2020,1,88
25,2020,2,163
25,2020,3,245
25,2020,4,177
25,2020,5,130
25,2020,6,296
25,2020,7,562
25,2020,8,157
25,2020,9,318
25,2020,10,305
25,2020,11,200
25,2020,12,169
25,2021,1,186
25,2021,2,472
25,2021,3,257
25,2021,4,467
25,2021,5,443
25,2021,6,558
25,2021,7,206
25,2021,8,392
25,2021,9,368
25,2021,10,966
25,2021,11,217
25,2021,12,126
25,2022,1,312
25,2022,2,112
25,2022,3,657
25,2022,4,585
25,2022,5,244
25,2022,6,222
25,2022,7,659
25,2022,8,434
25,2022,9,368
25,2022,10,943
25,2022,11,308
25,2022,12,278
26,2020,1,64
26,2020,2,25
26,2020,3,208
26,2020,4,366
26,2020,5,129
26,2020,6,275
26,2020,7,62
26,2020,8,118
26,2020,9,292
26,2020,10,634
26,2020,11,151
26,2020,12,104
26,2021,1,263
26,2021,2,274
26,2021,3,285
26,2021,4,370
26,2021,5,327
26,2021,6,252
26,2021,7,556
26,2021,8,246
26,2021,9,443
26,2021,10,569
26,2021,11,118
26,2021,12,415
26,2022,1,238
26,2022,2,208
26,2022,3,631
26,2022,4,363
26,2022,5,463
26,2022,6,438
26,2022,7,188
26,2022,8,382
26,2022,9,199
26,2022,10,893
26,2022,11,356
26,2022,12,269
27,2020,1,57
27,2020,2,159
27,2020,3,214
27,2020,4,144
27,2020,5,94
27,2020,6,172
27,2020,7,180
27,2020,8,118
27,2020,9,33
27,2020,10,462
27,2020,11,132
27,2020,12,260
27,2021,1,202
27,2021,2,138
27,2021,3,218
27,2021,4,506
27,2021,5,81
27,2021,6,454
27,2021,7,206
27,2021,8,284
27,2021,9,299
27,2021,10,813
27,2021,11,213
27,2021,12,311
27,2022,1,520
27,2022,2,241
27,2022,3,370
27,2022,4,413
27,2022,5,391
27,2022,6,502
27,2022,7,199
27,2022,8,404
27,2022,9,236
27,2022,10,1097
27,2022,11,381
27,2022,12,215
28,2020,1,70
28,2020,2,219
28,2020,3,260
28,2020,4,376
28,2020,5,260
28,2020,6,645
28,2020,7,310
28,2020,8,385
28,2020,9,354
28,2020,10,651
28,2020,11,261
28,2020,12,133
28,2021,1,145
28,2021,2,387
28,2021,3,673
28,2021,4,790
28,2021,5,711
28,2021,6,419
28,2021,7,517
28,2021,8,359
28,2021,9,498
28,2021,10,1235
28,2021,11,361
28,2021,12,164
28,2022,1,322
28,2022,2,108
28,2022,3,524
28,2022,4,952
28,2022,5,470
28,2022,6,559
28,2022,7,722
28,2022,8,374
28,2022,9,514
28,2022,10,1085
28,2022,11,524
28,2022,12,228
29,2020,1,362
29,2020,2,103
29,2020,3,324
29,2020,4,318
29,2020,5,131
29,2020,6,700
29,2020,7,767
29,2020,8,207
29,2020,9,369
29,2020,10,764
29,2020,11,104
29,2020,12,68
29,2021,1,430
29,2021,2,338
29,2021,3,566
29,2021,4,1449
29,2021,5,247
29,2021,6,535
29,2021,7,307
29,2021,8,504
29,2021,9,509
29,2021,10,1519
29,2021,11,396
29,2021,12,363
29,2022,1,280
29,2022,2,219
29,2022,3,595
29,2022,4,868
29,2022,5,411
29,2022,6,675
29,2022,7,553
29,2022,8,535
29,2022,9,403
29,2022,10,1792
29,2022,11,472
29,2022,12,439
30,2020,1,135
30,2020,2,80
30,2020,3,22
30,2020,4,357
30,2020,5,120
30,2020,6,308
30,2020,7,475
30,2020,8,138
30,2020,9,182
30,2020,10,676
30,2020,11,266
30,2020,12,255
30,2021,1,453
30,2021,2,139
30,2021,3,515
30,2021,4,507
30,2021,5,355
30,2021,6,494
30,2021,7,405
30,2021,8,319
30,2021,9,393
30,2021,10,588
30,2021,11,222
30,2021,12,419
30,2022,1,195
30,2022,2,194
30,2022,3,292
30,2022,4,781
30,2022,5,400
30,2022,6,246
30,2022,7,604
30,2022,8,315
30,2022,9,427
30,2022,10,1522
30,2022,11,195
30,2022,12,368
31,2020,1,212
31,2020,2,143
31,2020,3,210
31,2020,4,555
31,2020,5,208
31,2020,6,444
31,2020,7,312
31,2020,8,404
31,2020,9,285
31,2020,10,968
31,2020,11,321
31,2020,12,157
31,2021,1,253
31,2021,2,304
31,2021,3,655
31,2021,4,682
31,2021,5,628
31,2021,6,1216
31,2021,7,510
31,2021,8,463
31,2021,9,695
31,2021,10,993
31,2021,11,373
31,2021,12,144
31,2022,1,451
31,2022,2,143
31,2022,3,946
31,2022,4,501
31,2022,5,333
31,2022,6,936
31,2022,7,487
31,2022,8,385
31,2022,9,567
31,2022,10,2136
31,2022,11,728
31,2022,12,254
32,2020,1,866
32,2020,2,227
32,2020,3,555
32,2020,4,918
32,2020,5,575
32,2020,6,1034
32,2020,7,2032
32,2020,8,623
32,2020,9,754
32,2020,10,2086
32,2020,11,717
32,2020,12,475
32,2021,1,734
32,2021,2,614
32,2021,3,677
32,2021,4,1671
32,2021,5,1363
32,2021,6,1624
32,2021,7,1993
32,2021,8,1701
32,2021,9,1842
32,2021,10,3408
32,2021,11,1472
32,2021,12,802
32,2022,1,685
32,2022,2,635
32,2022,3,1348
32,2022,4,2286
32,2022,5,1676
32,2022,6,1231
32,2022,7,1713
32,2022,8,786
32,2022,9,2280
32,2022,10,3833
32,2022,11,784
32,2022,12,1994
33,2020,1,601
33,2020,2,808
33,2020,3,605
33,2020,4,561
33,2020,5,577
33,2020,6,799
33,2020,7,1569
33,2020,8,855
33,2020,9,397
33,2020,10,2068
33,2020,11,490
33,2020,12,827
33,2021,1,511
33,2021,2,126
33,2021,3,2102
33,2021,4,2025
33,2021,5,782
33,2021,6,1839
33,2021,7,1769
33,2021,8,1695
33,2021,9,998
33,2021,10,2780
33,2021,11,410
33,2021,12,420
33,2022,1,1451
33,2022,2,192
33,2022,3,1146
33,2022,4,2138
33,2022,5,1079
33,2022,6,1388
33,2022,7,1408
33,2022,8,1252
33,2022,9,1141
33,2022,10,3767
33,2022,11,1743
33,2022,12,917
34,2020,1,121
34,2020,2,456
34,2020,3,447
34,2020,4,1907
34,2020,5,341
34,2020,6,1022
34,2020,7,814
34,2020,8,397
34,2020,9,484
34,2020,10,1944
34,2020,11,282
34,2020,12,355
34,2021,1,930
34,2021,2,609
34,2021,3,919
34,2021,4,2252
34,2021,5,990
34,2021,6,1726
34,2021,7,1901
34,2021,8,844
34,2021,9,2333
34,2021,10,2246
34,2021,11,954
34,2021,12,1130
34,2022,1,335
34,2022,2,585
34,2022,3,2314
34,2022,4,3164
34,2022,5,720
34,2022,6,1780
34,2022,7,1142
34,2022,8,1519
34,2022,9,1285
34,2022,10,4011
34,2022,11,1732
34,2022,12,1620
35,2020,1,133
35,2020,2,436
35,2020,3,313
35,2020,4,883
35,2020,5,425
35,2020,6,293
35,2020,7,517
35,2020,8,435
35,2020,9,573
35,2020,10,1294
35,2020,11,797
35,2020,12,234
35,2021,1,485
35,2021,2,228
35,2021,3,954
35,2021,4,862
35,2021,5,1163
35,2021,6,1215
35,2021,7,1136
35,2021,8,638
35,2021,9,966
35,2021,10,1585
35,2021,11,938
35,2021,12,610
35,2022,1,742
35,2022,2,220
35,2022,3,1198
35,2022,4,1370
35,2022,5,317
35,2022,6,1524
35,2022,7,979
35,2022,8,562
35,2022,9,751
35,2022,10,2052
35,2022,11,1485
35,2022,12,749
36,2020,1,152
36,2020,2,561
36,2020,3,149
36,2020,4,1218
36,2020,5,638
36,2020,6,313
36,2020,7,638
36,2020,8,427
36,2020,9,721
36,2020,10,1984
36,2020,11,452
36,2020,12,451
36,2021,1,772
36,2021,2,279
36,2021,3,1091
36,2021,4,1558
36,2021,5,886
36,2021,6,942
36,2021,7,644
36,2021,8,1179
36,2021,9,1349
36,2021,10,2636
36,2021,11,552
36,2021,12,298
36,2022,1,1057
36,2022,2,444
36,2022,3,1088
36,2022,4,1911
36,2022,5,1508
36,2022,6,1277
36,2022,7,663
36,2022,8,512
36,2022,9,344
36,2022,10,2416
36,2022,11,581
36,2022,12,1488
37,2020,1,60
37,2020,2,437
37,2020,3,288
37,2020,4,287
37,2020,5,121
37,2020,6,167
37,2020,7,125
37,2020,8,136
37,2020,9,276
37,2020,10,744
37,2020,11,353
37,2020,12,42
37,2021,1,284
37,2021,2,386
37,2021,3,190
37,2021,4,927
37,2021,5,316
37,2021,6,278
37,2021,7,240
37,2021,8,396
37,2021,9,801
37,2021,10,1469
37,2021,11,110
37,2021,12,324
37,2022,1,143
37,2022,2,52
37,2022,3,182
37,2022,4,597
37,2022,5,430
37,2022,6,595
37,2022,7,456
37,2022,8,770
37,2022,9,964
37,2022,10,1452
37,2022,11,411
37,2022,12,434
38,2020,1,51
38,2020,2,152
38,2020,3,302
38,2020,4,257
38,2020,5,86
38,2020,6,335
38,2020,7,269
38,2020,8,146
38,2020,9,114
38,2020,10,821
38,2020,11,228
38,2020,12,75
38,2021,1,191
38,2021,2,384
38,2021,3,585
38,2021,4,425
38,2021,5,398
38,2021,6,273
38,2021,7,349
38,2021,8,296
38,2021,9,329
38,2021,10,1090
38,2021,11,79
38,2021,12,141
38,2022,1,126
38,2022,2,367
38,2022,3,384
38,2022,4,267
38,2022,5,585
38,2022,6,618
38,2022,7,379
38,2022,8,335
38,2022,9,532
38,2022,10,855
38,2022,11,296
38,2022,12,409
39,2020,1,235
39,2020,2,484
39,2020,3,220
39,2020,4,492
39,2020,5,149
39,2020,6,430
39,2020,7,197
39,2020,8,366
39,2020,9,311
39,2020,10,682
39,2020,11,491
39,2020,12,108
39,2021,1,385
39,2021,2,277
39,2021,3,532
39,2021,4,1518
39,2021,5,366
39,2021,6,788
39,2021,7,647
39,2021,8,374
39,2021,9,560
39,2021,10,1176
39,2021,11,449
39,2021,12,251
39,2022,1,311
39,2022,2,319
39,2022,3,908
39,2022,4,1134
39,2022,5,548
39,2022,6,681
39,2022,7,490
39,2022,8,652
39,2022,9,356
39,2022,10,1569
39,2022,11,587
39,2022,12,484
40,2020,1,568
40,2020,2,392
40,2020,3,549
40,2020,4,1127
40,2020,5,883
40,2020,6,1091
40,2020,7,799
40,2020,8,84
40,2020,9,1060
40,2020,10,1388
40,2020,11,624
40,2020,12,1022
40,2021,1,144
40,2021,2,978
40,2021,3,1058
40,2021,4,1103
40,2021,5,586
40,2021,6,1100
40,2021,7,1146
40,2021,8,824
40,2021,9,2468
40,2021,10,3001
40,2021,11,1451
40,2021,12,1002
40,2022,1,596
40,2022,2,362
40,2022,3,1067
40,2022,4,1255
40,2022,5,1030
40,2022,6,1158
40,2022,7,862
40,2022,8,2004
40,2022,9,1803
40,2022,10,3106
40,2022,11,644
40,2022,12,940
41,2020,1,84
41,2020,2,173
41,2020,3,116
41,2020,4,318
41,2020,5,61
41,2020,6,134
41,2020,7,202
41,2020,8,115
41,2020,9,194
41,2020,10,519
41,2020,11,166
41,2020,12,32
41,2021,1,105
41,2021,2,155
41,2021,3,292
41,2021,4,340
41,2021,5,247
41,2021,6,403
41,2021,7,227
41,2021,8,282
41,2021,9,474
41,2021,10,660
41,2021,11,349
41,2021,12,146
41,2022,1,193
41,2022,2,211
41,2022,3,343
41,2022,4,303
41,2022,5,441
41,2022,6,348
41,2022,7,92
41,2022,8,358
41,2022,9,212
41,2022,10,1238
41,2022,11,257
41,2022,12,205
42,2021,1,112
42,2021,2,98
42,2021,3,380
42,2021,4,491
42,2021,5,350
42,2021,6,301
42,2021,7,197
42,2021,8,202
42,2021,9,159
42,2021,10,694
42,2021,11,229
42,2021,12,213
42,2022,1,119
42,2022,2,316
42,2022,3,378
42,2022,4,476
42,2022,5,329
42,2022,6,300
42,2022,7,399
42,2022,8,230
42,2022,9,318
42,2022,10,734
42,2022,11,290
42,2022,12,104
43,2021,1,277
43,2021,2,163
43,2021,3,636
43,2021,4,686
43,2021,5,294
43,2021,6,844
43,2021,7,606
43,2021,8,345
43,2021,9,313
43,2021,10,1006
43,2021,11,298
43,2021,12,610
43,2022,1,224
43,2022,2,106
43,2022,3,505
43,2022,4,1200
43,2022,5,676
43,2022,6,687
43,2022,7,460
43,2022,8,249
43,2022,9,730
43,2022,10,1551
43,2022,11,169
43,2022,12,473
44,2021,1,173
44,2021,2,146
44,2021,3,599
44,2021,4,926
44,2021,5,696
44,2021,6,765
44,2021,7,594
44,2021,8,169
44,2021,9,774
44,2021,10,1058
44,2021,11,286
44,2021,12,318
44,2022,1,345
44,2022,2,133
44,2022,3,716
44,2022,4,859
44,2022,5,779
44,2022,6,546
44,2022,7,578
44,2022,8,379
44,2022,9,616
44,2022,10,1408
44,2022,11,655
115,2021,7,489
115,2021,8,207
115,2021,9,433
115,2021,10,1593
115,2021,11,394
115,2021,12,248
115,2022,1,146
115,2022,2,138
115,2022,3,756
115,2022,4,1294
115,2022,5,278
115,2022,6,561
115,2022,7,412
115,2022,8,282
115,2022,9,920
115,2022,10,1081
115,2022,11,398
115,2022,12,759
